observed_date,cve,cna,change_type,version_old,score_old,version_new,score_new
2026-07-15,CVE-2022-34659,siemens,first_score,,,v4,6.9
2026-07-15,CVE-2024-21529,snyk,version_shift,v3,8.2,v4,8.8
2026-07-15,CVE-2026-10642,zephyr,rescore,v3,6.5,v3,4.6
2026-07-15,CVE-2026-7891,DIVD,rescore,v4,9.3,v4,9.1
2026-07-16,CVE-2025-40646,INCIBE,rescore,v4,5.1,v4,5.9
2026-07-19,CVE-2026-52968,Linux,first_score,,,v3,8.8
2026-07-19,CVE-2026-53159,Linux,first_score,,,v3,8.8
2026-07-19,CVE-2026-53329,Linux,first_score,,,v3,7.0
2026-07-19,CVE-2026-53341,Linux,first_score,,,v3,7.8
2026-07-19,CVE-2026-53354,Linux,first_score,,,v3,8.8
2026-07-19,CVE-2026-53355,Linux,first_score,,,v3,9.8
2026-07-19,CVE-2026-53356,Linux,first_score,,,v3,7.8
2026-07-19,CVE-2026-53357,Linux,first_score,,,v3,8.0
2026-07-19,CVE-2026-53358,Linux,first_score,,,v3,8.8
2026-07-19,CVE-2026-53359,Linux,first_score,,,v3,8.8
2026-07-19,CVE-2026-53360,Linux,first_score,,,v3,8.8
2026-07-19,CVE-2026-53361,Linux,first_score,,,v3,7.1
2026-07-19,CVE-2026-53362,Linux,first_score,,,v3,7.8
2026-07-19,CVE-2026-53363,Linux,first_score,,,v3,9.8
2026-07-19,CVE-2026-53366,Linux,first_score,,,v3,7.8
2026-07-19,CVE-2026-60137,WPScan,first_score,,,v3,5.9
2026-07-19,CVE-2026-63030,WPScan,first_score,,,v3,9.8
2026-07-21,CVE-2026-34632,adobe,rescore,v3,8.2,v3,8.6
2026-07-21,CVE-2026-38752,mitre,first_score,,,v3,2.9
2026-07-21,CVE-2026-38753,mitre,first_score,,,v3,4.9
2026-07-21,CVE-2026-38754,mitre,first_score,,,v3,5.1
2026-07-21,CVE-2026-38755,mitre,first_score,,,v3,2.9
2026-07-21,CVE-2026-53368,Linux,first_score,,,v3,7.1
2026-07-21,CVE-2026-53369,Linux,first_score,,,v3,8.4
2026-07-21,CVE-2026-53373,Linux,first_score,,,v3,7.8
2026-07-21,CVE-2026-53374,Linux,first_score,,,v3,8.8
2026-07-21,CVE-2026-53375,Linux,first_score,,,v3,8.8
2026-07-21,CVE-2026-53380,Linux,first_score,,,v3,7.8
2026-07-21,CVE-2026-53381,Linux,first_score,,,v3,7.8
2026-07-21,CVE-2026-53383,Linux,first_score,,,v3,7.5
2026-07-21,CVE-2026-53384,Linux,first_score,,,v3,9.8
2026-07-21,CVE-2026-53386,Linux,first_score,,,v3,7.8
2026-07-21,CVE-2026-53387,Linux,first_score,,,v3,7.1
2026-07-21,CVE-2026-53388,Linux,first_score,,,v3,7.8
2026-07-21,CVE-2026-53389,Linux,first_score,,,v3,7.8
2026-07-21,CVE-2026-53390,Linux,first_score,,,v3,8.1
2026-07-21,CVE-2026-53391,Linux,first_score,,,v3,7.5
2026-07-21,CVE-2026-53392,Linux,first_score,,,v3,7.5
2026-07-21,CVE-2026-53394,Linux,first_score,,,v3,7.5
2026-07-21,CVE-2026-53395,Linux,first_score,,,v3,7.5
2026-07-21,CVE-2026-53396,Linux,first_score,,,v3,7.1
2026-07-21,CVE-2026-53397,Linux,first_score,,,v3,7.5
2026-07-21,CVE-2026-53398,Linux,first_score,,,v3,9.8
2026-07-21,CVE-2026-53399,Linux,first_score,,,v3,9.8
2026-07-21,CVE-2026-53400,Linux,first_score,,,v3,7.8
2026-07-21,CVE-2026-53401,Linux,first_score,,,v3,7.8
2026-07-21,CVE-2026-53402,Linux,first_score,,,v3,7.1
2026-07-21,CVE-2026-63793,Linux,first_score,,,v3,7.8
2026-07-21,CVE-2026-63795,Linux,first_score,,,v3,10.0
2026-07-21,CVE-2026-63796,Linux,first_score,,,v3,8.8
2026-07-21,CVE-2026-63797,Linux,first_score,,,v3,8.4
2026-07-21,CVE-2026-63799,Linux,first_score,,,v3,7.8
2026-07-21,CVE-2026-63800,Linux,first_score,,,v3,9.8
2026-07-21,CVE-2026-63801,Linux,first_score,,,v3,8.8
2026-07-21,CVE-2026-63802,Linux,first_score,,,v3,7.8
2026-07-21,CVE-2026-63803,Linux,first_score,,,v3,7.8
2026-07-21,CVE-2026-63805,Linux,first_score,,,v3,7.8
2026-07-21,CVE-2026-63806,Linux,first_score,,,v3,7.1
2026-07-21,CVE-2026-63807,Linux,first_score,,,v3,8.8
2026-07-21,CVE-2026-63808,Linux,first_score,,,v3,9.8
2026-07-21,CVE-2026-63809,Linux,first_score,,,v3,7.8
2026-07-21,CVE-2026-63812,Linux,first_score,,,v3,7.8
2026-07-21,CVE-2026-63813,Linux,first_score,,,v3,7.8
2026-07-21,CVE-2026-63814,Linux,first_score,,,v3,7.8
2026-07-21,CVE-2026-63815,Linux,first_score,,,v3,8.4
2026-07-21,CVE-2026-63816,Linux,first_score,,,v3,7.8
2026-07-21,CVE-2026-63817,Linux,first_score,,,v3,7.8
2026-07-21,CVE-2026-63818,Linux,first_score,,,v3,8.4
2026-07-21,CVE-2026-63819,Linux,first_score,,,v3,7.8
2026-07-21,CVE-2026-63823,Linux,first_score,,,v3,7.8
2026-07-21,CVE-2026-63824,Linux,first_score,,,v3,7.8
2026-07-21,CVE-2026-63825,Linux,first_score,,,v3,9.8
2026-07-21,CVE-2026-63827,Linux,first_score,,,v3,7.8
2026-07-21,CVE-2026-63828,Linux,first_score,,,v3,8.4
2026-07-21,CVE-2026-63829,Linux,first_score,,,v3,8.8
2026-07-21,CVE-2026-63830,Linux,first_score,,,v3,9.4
2026-07-21,CVE-2026-63831,Linux,first_score,,,v3,8.8
2026-07-21,CVE-2026-63832,Linux,first_score,,,v3,8.8
2026-07-21,CVE-2026-63833,Linux,first_score,,,v3,7.1
2026-07-21,CVE-2026-63840,Linux,first_score,,,v3,7.8
2026-07-21,CVE-2026-63841,Linux,first_score,,,v3,7.8
2026-07-21,CVE-2026-63842,Linux,first_score,,,v3,7.8
2026-07-21,CVE-2026-63843,Linux,first_score,,,v3,7.8
2026-07-21,CVE-2026-63844,Linux,first_score,,,v3,7.8
2026-07-21,CVE-2026-63845,Linux,first_score,,,v3,7.8
2026-07-21,CVE-2026-63846,Linux,first_score,,,v3,7.8
2026-07-21,CVE-2026-63847,Linux,first_score,,,v3,7.8
2026-07-21,CVE-2026-63848,Linux,first_score,,,v3,7.8
2026-07-21,CVE-2026-63849,Linux,first_score,,,v3,7.8
2026-07-21,CVE-2026-63850,Linux,first_score,,,v3,7.8
2026-07-21,CVE-2026-63851,Linux,first_score,,,v3,7.8
2026-07-21,CVE-2026-63852,Linux,first_score,,,v3,7.8
2026-07-21,CVE-2026-63853,Linux,first_score,,,v3,7.8
2026-07-21,CVE-2026-63854,Linux,first_score,,,v3,7.8
2026-07-21,CVE-2026-63855,Linux,first_score,,,v3,7.8
2026-07-21,CVE-2026-63856,Linux,first_score,,,v3,7.8
2026-07-21,CVE-2026-63857,Linux,first_score,,,v3,9.8
2026-07-21,CVE-2026-63858,Linux,first_score,,,v3,7.8
2026-07-21,CVE-2026-63860,Linux,first_score,,,v3,8.4
2026-07-21,CVE-2026-63863,Linux,first_score,,,v3,8.8
2026-07-21,CVE-2026-63864,Linux,first_score,,,v3,8.4
2026-07-21,CVE-2026-63865,Linux,first_score,,,v3,8.8
2026-07-21,CVE-2026-63866,Linux,first_score,,,v3,8.8
2026-07-21,CVE-2026-63867,Linux,first_score,,,v3,8.2
2026-07-21,CVE-2026-63869,Linux,first_score,,,v3,7.6
2026-07-21,CVE-2026-63870,Linux,first_score,,,v3,7.8
2026-07-21,CVE-2026-63872,Linux,first_score,,,v3,7.5
2026-07-21,CVE-2026-63874,Linux,first_score,,,v3,7.8
2026-07-21,CVE-2026-63875,Linux,first_score,,,v3,7.8
2026-07-21,CVE-2026-63879,Linux,first_score,,,v3,7.8
2026-07-21,CVE-2026-63881,Linux,first_score,,,v3,7.8
2026-07-21,CVE-2026-63883,Linux,first_score,,,v3,7.3
2026-07-21,CVE-2026-63884,Linux,first_score,,,v3,7.8
2026-07-21,CVE-2026-63885,Linux,first_score,,,v3,8.8
2026-07-21,CVE-2026-63886,Linux,first_score,,,v3,9.8
2026-07-21,CVE-2026-63887,Linux,first_score,,,v3,9.8
2026-07-21,CVE-2026-63888,Linux,first_score,,,v3,9.8
2026-07-21,CVE-2026-63889,Linux,first_score,,,v3,8.1
2026-07-21,CVE-2026-63893,Linux,first_score,,,v3,8.1
2026-07-21,CVE-2026-63894,Linux,first_score,,,v3,7.8
2026-07-21,CVE-2026-63906,Linux,first_score,,,v3,8.4
2026-07-21,CVE-2026-63909,Linux,first_score,,,v3,8.1
2026-07-21,CVE-2026-63910,Linux,first_score,,,v3,7.8
2026-07-21,CVE-2026-63911,Linux,first_score,,,v3,7.8
2026-07-21,CVE-2026-63912,Linux,first_score,,,v3,9.8
2026-07-21,CVE-2026-63913,Linux,first_score,,,v3,8.2
2026-07-21,CVE-2026-63914,Linux,first_score,,,v3,7.3
2026-07-21,CVE-2026-63915,Linux,first_score,,,v3,8.8
2026-07-21,CVE-2026-63916,Linux,first_score,,,v3,8.8
2026-07-21,CVE-2026-63917,Linux,first_score,,,v3,8.8
2026-07-21,CVE-2026-63918,Linux,first_score,,,v3,7.8
2026-07-21,CVE-2026-63919,Linux,first_score,,,v3,8.8
2026-07-21,CVE-2026-63920,Linux,first_score,,,v3,7.1
2026-07-21,CVE-2026-63921,Linux,first_score,,,v3,8.8
2026-07-21,CVE-2026-63922,Linux,first_score,,,v3,9.8
2026-07-21,CVE-2026-63923,Linux,first_score,,,v3,8.8
2026-07-21,CVE-2026-63924,Linux,first_score,,,v3,9.8
2026-07-21,CVE-2026-63925,Linux,first_score,,,v3,8.1
2026-07-21,CVE-2026-63926,Linux,first_score,,,v3,8.4
2026-07-21,CVE-2026-63927,Linux,first_score,,,v3,7.8
2026-07-21,CVE-2026-63930,Linux,first_score,,,v3,7.8
2026-07-21,CVE-2026-63937,Linux,first_score,,,v3,8.8
2026-07-21,CVE-2026-63938,Linux,first_score,,,v3,9.3
2026-07-21,CVE-2026-63939,Linux,first_score,,,v3,9.3
2026-07-21,CVE-2026-63940,Linux,first_score,,,v3,9.3
2026-07-21,CVE-2026-63941,Linux,first_score,,,v3,8.8
2026-07-21,CVE-2026-63942,Linux,first_score,,,v3,7.8
2026-07-21,CVE-2026-63944,Linux,first_score,,,v3,8.8
2026-07-21,CVE-2026-63945,Linux,first_score,,,v3,7.8
2026-07-21,CVE-2026-63946,Linux,first_score,,,v3,8.8
2026-07-21,CVE-2026-63947,Linux,first_score,,,v3,8.8
2026-07-21,CVE-2026-63950,Linux,first_score,,,v3,7.8
2026-07-21,CVE-2026-63951,Linux,first_score,,,v3,7.8
2026-07-21,CVE-2026-63952,Linux,first_score,,,v3,8.4
2026-07-21,CVE-2026-63954,Linux,first_score,,,v3,7.8
2026-07-21,CVE-2026-63955,Linux,first_score,,,v3,7.5
2026-07-21,CVE-2026-63968,Linux,first_score,,,v3,7.5
2026-07-21,CVE-2026-63970,Linux,first_score,,,v3,7.8
2026-07-21,CVE-2026-63971,Linux,first_score,,,v3,7.8
2026-07-21,CVE-2026-63972,Linux,first_score,,,v3,7.5
2026-07-21,CVE-2026-63974,Linux,first_score,,,v3,8.8
2026-07-21,CVE-2026-63975,Linux,first_score,,,v3,8.8
2026-07-21,CVE-2026-63976,Linux,first_score,,,v3,8.8
2026-07-21,CVE-2026-63977,Linux,first_score,,,v3,7.8
2026-07-21,CVE-2026-63978,Linux,first_score,,,v3,9.8
2026-07-21,CVE-2026-63979,Linux,first_score,,,v3,9.8
2026-07-21,CVE-2026-63980,Linux,first_score,,,v3,7.5
2026-07-21,CVE-2026-63984,Linux,first_score,,,v3,9.8
2026-07-21,CVE-2026-63985,Linux,first_score,,,v3,7.8
2026-07-21,CVE-2026-63987,Linux,first_score,,,v3,7.8
2026-07-21,CVE-2026-63992,Linux,first_score,,,v3,9.1
2026-07-21,CVE-2026-63993,Linux,first_score,,,v3,9.8
2026-07-21,CVE-2026-63994,Linux,first_score,,,v3,9.8
2026-07-21,CVE-2026-63995,Linux,first_score,,,v3,7.8
2026-07-21,CVE-2026-63996,Linux,first_score,,,v3,7.8
2026-07-21,CVE-2026-64000,Linux,first_score,,,v3,9.8
2026-07-21,CVE-2026-64002,Linux,first_score,,,v3,7.8
2026-07-21,CVE-2026-64003,Linux,first_score,,,v3,7.5
2026-07-21,CVE-2026-64004,Linux,first_score,,,v3,7.8
2026-07-21,CVE-2026-64005,Linux,first_score,,,v3,7.8
2026-07-21,CVE-2026-64007,Linux,first_score,,,v3,9.8
2026-07-21,CVE-2026-64008,Linux,first_score,,,v3,7.8
2026-07-21,CVE-2026-64009,Linux,first_score,,,v3,7.8
2026-07-21,CVE-2026-64010,Linux,first_score,,,v3,8.8
2026-07-21,CVE-2026-64011,Linux,first_score,,,v3,7.8
2026-07-21,CVE-2026-64015,Linux,first_score,,,v3,7.8
2026-07-21,CVE-2026-64016,Linux,first_score,,,v3,9.8
2026-07-21,CVE-2026-64017,Linux,first_score,,,v3,7.8
2026-07-21,CVE-2026-64018,Linux,first_score,,,v3,9.3
2026-07-21,CVE-2026-64020,Linux,first_score,,,v3,7.5
2026-07-21,CVE-2026-64023,Linux,first_score,,,v3,7.8
2026-07-21,CVE-2026-64024,Linux,first_score,,,v3,9.4
2026-07-21,CVE-2026-64025,Linux,first_score,,,v3,9.8
2026-07-21,CVE-2026-64026,Linux,first_score,,,v3,7.8
2026-07-21,CVE-2026-64027,Linux,first_score,,,v3,7.8
2026-07-21,CVE-2026-64029,Linux,first_score,,,v3,7.8
2026-07-21,CVE-2026-64030,Linux,first_score,,,v3,8.8
2026-07-21,CVE-2026-64031,Linux,first_score,,,v3,7.8
2026-07-21,CVE-2026-64032,Linux,first_score,,,v3,7.8
2026-07-21,CVE-2026-64033,Linux,first_score,,,v3,9.8
2026-07-21,CVE-2026-64034,Linux,first_score,,,v3,9.3
2026-07-21,CVE-2026-64035,Linux,first_score,,,v3,9.8
2026-07-21,CVE-2026-64036,Linux,first_score,,,v3,7.8
2026-07-21,CVE-2026-64037,Linux,first_score,,,v3,9.8
2026-07-21,CVE-2026-64039,Linux,first_score,,,v3,7.7
2026-07-21,CVE-2026-64041,Linux,first_score,,,v3,7.8
2026-07-21,CVE-2026-64042,Linux,first_score,,,v3,8.8
2026-07-21,CVE-2026-64044,Linux,first_score,,,v3,7.8
2026-07-21,CVE-2026-64045,Linux,first_score,,,v3,8.4
2026-07-21,CVE-2026-64046,Linux,first_score,,,v3,9.8
2026-07-21,CVE-2026-64047,Linux,first_score,,,v3,9.8
2026-07-21,CVE-2026-64048,Linux,first_score,,,v3,7.5
2026-07-21,CVE-2026-64050,Linux,first_score,,,v3,7.8
2026-07-21,CVE-2026-64051,Linux,first_score,,,v3,7.8
2026-07-21,CVE-2026-64053,Linux,first_score,,,v3,7.8
2026-07-21,CVE-2026-64055,Linux,first_score,,,v3,9.8
2026-07-21,CVE-2026-64056,Linux,first_score,,,v3,9.8
2026-07-21,CVE-2026-64057,Linux,first_score,,,v3,7.8
2026-07-21,CVE-2026-64058,Linux,first_score,,,v3,7.8
2026-07-21,CVE-2026-64061,Linux,first_score,,,v3,9.8
2026-07-21,CVE-2026-64066,Linux,first_score,,,v3,9.8
2026-07-21,CVE-2026-64067,Linux,first_score,,,v3,9.8
2026-07-21,CVE-2026-64068,Linux,first_score,,,v3,9.8
2026-07-21,CVE-2026-64069,Linux,first_score,,,v3,9.8
2026-07-21,CVE-2026-64073,Linux,first_score,,,v3,7.8
2026-07-21,CVE-2026-64074,Linux,first_score,,,v3,7.8
2026-07-21,CVE-2026-64076,Linux,first_score,,,v3,7.8
2026-07-21,CVE-2026-64077,Linux,first_score,,,v3,7.8
2026-07-21,CVE-2026-64078,Linux,first_score,,,v3,7.8
2026-07-21,CVE-2026-64080,Linux,first_score,,,v3,9.3
2026-07-21,CVE-2026-64081,Linux,first_score,,,v3,8.4
2026-07-21,CVE-2026-64082,Linux,first_score,,,v3,7.8
2026-07-21,CVE-2026-64084,Linux,first_score,,,v3,7.8
2026-07-21,CVE-2026-64086,Linux,first_score,,,v3,7.8
2026-07-21,CVE-2026-64088,Linux,first_score,,,v3,8.8
2026-07-21,CVE-2026-64089,Linux,first_score,,,v3,9.8
2026-07-21,CVE-2026-64091,Linux,first_score,,,v3,9.8
2026-07-21,CVE-2026-64093,Linux,first_score,,,v3,8.8
2026-07-21,CVE-2026-64095,Linux,first_score,,,v3,7.1
2026-07-21,CVE-2026-64096,Linux,first_score,,,v3,8.8
2026-07-21,CVE-2026-64097,Linux,first_score,,,v3,7.8
2026-07-21,CVE-2026-64098,Linux,first_score,,,v3,7.8
2026-07-21,CVE-2026-64099,Linux,first_score,,,v3,7.8
2026-07-21,CVE-2026-64102,Linux,first_score,,,v3,9.8
2026-07-21,CVE-2026-64104,Linux,first_score,,,v3,8.7
2026-07-21,CVE-2026-64106,Linux,first_score,,,v3,9.0
2026-07-21,CVE-2026-64108,Linux,first_score,,,v3,7.8
2026-07-21,CVE-2026-64109,Linux,first_score,,,v3,8.8
2026-07-21,CVE-2026-64111,Linux,first_score,,,v3,7.1
2026-07-21,CVE-2026-64112,Linux,first_score,,,v3,7.8
2026-07-21,CVE-2026-64113,Linux,first_score,,,v3,9.8
2026-07-21,CVE-2026-64114,Linux,first_score,,,v3,7.8
2026-07-21,CVE-2026-64115,Linux,first_score,,,v3,8.8
2026-07-21,CVE-2026-64116,Linux,first_score,,,v3,7.5
2026-07-21,CVE-2026-64117,Linux,first_score,,,v3,8.8
2026-07-21,CVE-2026-64118,Linux,first_score,,,v3,8.4
2026-07-21,CVE-2026-64122,Linux,first_score,,,v3,9.8
2026-07-21,CVE-2026-64123,Linux,first_score,,,v3,7.8
2026-07-21,CVE-2026-64124,Linux,first_score,,,v3,8.8
2026-07-21,CVE-2026-64125,Linux,first_score,,,v3,9.8
2026-07-21,CVE-2026-64126,Linux,first_score,,,v3,7.3
2026-07-21,CVE-2026-64132,Linux,first_score,,,v3,9.8
2026-07-21,CVE-2026-64133,Linux,first_score,,,v3,7.8
2026-07-21,CVE-2026-64134,Linux,first_score,,,v3,7.8
2026-07-21,CVE-2026-64136,Linux,first_score,,,v3,9.8
2026-07-21,CVE-2026-64137,Linux,first_score,,,v3,7.8
2026-07-21,CVE-2026-64138,Linux,first_score,,,v3,8.8
2026-07-21,CVE-2026-64140,Linux,first_score,,,v3,7.5
2026-07-21,CVE-2026-64141,Linux,first_score,,,v3,7.5
2026-07-21,CVE-2026-64142,Linux,first_score,,,v3,9.8
2026-07-21,CVE-2026-64148,Linux,first_score,,,v3,7.5
2026-07-21,CVE-2026-64150,Linux,first_score,,,v3,9.8
2026-07-21,CVE-2026-64151,Linux,first_score,,,v3,8.4
2026-07-21,CVE-2026-64152,Linux,first_score,,,v3,7.8
2026-07-21,CVE-2026-64153,Linux,first_score,,,v3,8.8
2026-07-21,CVE-2026-64158,Linux,first_score,,,v3,7.3
2026-07-21,CVE-2026-64160,Linux,first_score,,,v3,9.8
2026-07-21,CVE-2026-64162,Linux,first_score,,,v3,9.8
2026-07-21,CVE-2026-64172,Linux,first_score,,,v3,7.1
2026-07-21,CVE-2026-64175,Linux,first_score,,,v3,7.5
2026-07-21,CVE-2026-64176,Linux,first_score,,,v3,8.1
2026-07-21,CVE-2026-64178,Linux,first_score,,,v3,8.8
2026-07-21,CVE-2026-64181,Linux,first_score,,,v3,7.8
2026-07-22,CVE-2026-48356,adobe,rescore,v3,9.6,v3,9.3
2026-07-23,CVE-2026-7253,ibm,rescore,v3,5.3,v3,6.0
2026-07-24,CVE-2026-63764,VulnCheck,rescore,v4,9.2,v4,7.7
2026-07-25,CVE-2026-15786,Wordfence,rescore,v3,4.9,v3,4.4
2026-07-28,CVE-2024-14040,Linux,first_score,,,v3,7.8
2026-07-28,CVE-2026-64188,Linux,first_score,,,v3,7.8
2026-07-28,CVE-2026-64189,Linux,first_score,,,v3,7.8
2026-07-28,CVE-2026-64191,Linux,first_score,,,v3,7.8
2026-07-28,CVE-2026-64206,Linux,first_score,,,v3,8.8
2026-07-28,CVE-2026-64208,Linux,first_score,,,v3,7.5
2026-07-28,CVE-2026-64210,Linux,first_score,,,v3,7.5
2026-07-28,CVE-2026-64216,Linux,first_score,,,v3,9.8
2026-07-28,CVE-2026-64217,Linux,first_score,,,v3,7.8
2026-07-28,CVE-2026-64218,Linux,first_score,,,v3,7.8
2026-07-28,CVE-2026-64219,Linux,first_score,,,v3,7.0
2026-07-28,CVE-2026-64221,Linux,first_score,,,v3,7.8
2026-07-28,CVE-2026-64222,Linux,first_score,,,v3,7.0
2026-07-28,CVE-2026-64223,Linux,first_score,,,v3,8.1
2026-07-28,CVE-2026-64226,Linux,first_score,,,v3,7.8
2026-07-28,CVE-2026-64232,Linux,first_score,,,v3,9.8
2026-07-28,CVE-2026-64235,Linux,first_score,,,v3,8.1
2026-07-28,CVE-2026-64243,Linux,first_score,,,v3,7.1
2026-07-28,CVE-2026-64247,Linux,first_score,,,v3,8.4
2026-07-28,CVE-2026-64251,Linux,first_score,,,v3,7.8
2026-07-28,CVE-2026-64255,Linux,first_score,,,v3,8.8
2026-07-28,CVE-2026-64257,Linux,first_score,,,v3,9.1
2026-07-28,CVE-2026-64259,Linux,first_score,,,v3,7.8
2026-07-28,CVE-2026-64260,Linux,first_score,,,v3,7.8
2026-07-28,CVE-2026-64261,Linux,first_score,,,v3,7.8
2026-07-28,CVE-2026-64265,Linux,first_score,,,v3,7.8
2026-07-28,CVE-2026-64266,Linux,first_score,,,v3,7.8
2026-07-28,CVE-2026-64268,Linux,first_score,,,v3,9.8
2026-07-28,CVE-2026-64269,Linux,first_score,,,v3,9.1
2026-07-28,CVE-2026-64276,Linux,first_score,,,v3,7.8
2026-07-28,CVE-2026-64277,Linux,first_score,,,v3,7.8
2026-07-28,CVE-2026-64279,Linux,first_score,,,v3,7.8
2026-07-28,CVE-2026-64280,Linux,first_score,,,v3,8.8
2026-07-28,CVE-2026-64281,Linux,first_score,,,v3,7.5
2026-07-28,CVE-2026-64284,Linux,first_score,,,v3,7.1
2026-07-28,CVE-2026-64286,Linux,first_score,,,v3,8.2
2026-07-28,CVE-2026-64287,Linux,first_score,,,v3,8.2
2026-07-28,CVE-2026-64293,Linux,first_score,,,v3,7.8
2026-07-28,CVE-2026-64296,Linux,first_score,,,v3,7.8
2026-07-28,CVE-2026-64298,Linux,first_score,,,v3,7.1
2026-07-28,CVE-2026-64299,Linux,first_score,,,v3,7.1
2026-07-28,CVE-2026-64300,Linux,first_score,,,v3,7.8
2026-07-28,CVE-2026-64303,Linux,first_score,,,v3,9.8
2026-07-28,CVE-2026-64304,Linux,first_score,,,v3,7.8
2026-07-28,CVE-2026-64311,Linux,first_score,,,v3,7.8
2026-07-28,CVE-2026-64312,Linux,first_score,,,v3,7.5
2026-07-28,CVE-2026-64313,Linux,first_score,,,v3,8.8
2026-07-28,CVE-2026-64315,Linux,first_score,,,v3,7.0
2026-07-28,CVE-2026-64317,Linux,first_score,,,v3,7.1
2026-07-28,CVE-2026-64318,Linux,first_score,,,v3,7.1
2026-07-28,CVE-2026-64319,Linux,first_score,,,v3,9.1
2026-07-28,CVE-2026-64320,Linux,first_score,,,v3,9.1
2026-07-28,CVE-2026-64322,Linux,first_score,,,v3,7.8
2026-07-28,CVE-2026-64323,Linux,first_score,,,v3,7.1
2026-07-28,CVE-2026-64324,Linux,first_score,,,v3,7.8
2026-07-28,CVE-2026-64333,Linux,first_score,,,v3,7.8
2026-07-28,CVE-2026-64354,Linux,first_score,,,v3,7.8
2026-07-28,CVE-2026-64355,Linux,first_score,,,v3,9.8
2026-07-28,CVE-2026-64361,Linux,first_score,,,v3,7.8
2026-07-28,CVE-2026-64364,Linux,first_score,,,v3,8.8
2026-07-28,CVE-2026-64366,Linux,first_score,,,v3,8.8
2026-07-28,CVE-2026-64367,Linux,first_score,,,v3,7.8
2026-07-28,CVE-2026-64368,Linux,first_score,,,v3,8.1
2026-07-28,CVE-2026-64372,Linux,first_score,,,v3,7.8
2026-07-28,CVE-2026-64374,Linux,first_score,,,v3,7.5
2026-07-28,CVE-2026-64375,Linux,first_score,,,v3,7.8
2026-07-28,CVE-2026-64378,Linux,first_score,,,v3,7.8
2026-07-28,CVE-2026-64379,Linux,first_score,,,v3,7.1
2026-07-28,CVE-2026-64380,Linux,first_score,,,v3,8.2
2026-07-28,CVE-2026-64382,Linux,first_score,,,v3,8.8
2026-07-28,CVE-2026-64383,Linux,first_score,,,v3,9.8
2026-07-28,CVE-2026-64384,Linux,first_score,,,v3,9.8
2026-07-28,CVE-2026-64385,Linux,first_score,,,v3,9.8
2026-07-28,CVE-2026-64386,Linux,first_score,,,v3,9.8
2026-07-28,CVE-2026-64387,Linux,first_score,,,v3,9.8
2026-07-28,CVE-2026-64388,Linux,first_score,,,v3,7.8
2026-07-28,CVE-2026-64389,Linux,first_score,,,v3,8.2
2026-07-28,CVE-2026-64390,Linux,first_score,,,v3,8.8
2026-07-28,CVE-2026-64391,Linux,first_score,,,v3,9.8
2026-07-28,CVE-2026-64392,Linux,first_score,,,v3,9.1
2026-07-28,CVE-2026-64393,Linux,first_score,,,v3,9.1
2026-07-28,CVE-2026-64394,Linux,first_score,,,v3,8.8
2026-07-28,CVE-2026-64395,Linux,first_score,,,v3,7.5
2026-07-28,CVE-2026-64396,Linux,first_score,,,v3,8.8
2026-07-28,CVE-2026-64397,Linux,first_score,,,v3,9.8
2026-07-28,CVE-2026-64398,Linux,first_score,,,v3,8.1
2026-07-28,CVE-2026-64399,Linux,first_score,,,v3,9.8
2026-07-28,CVE-2026-64400,Linux,first_score,,,v3,8.6
2026-07-28,CVE-2026-64401,Linux,first_score,,,v3,7.8
2026-07-28,CVE-2026-64402,Linux,first_score,,,v3,7.8
2026-07-28,CVE-2026-64403,Linux,first_score,,,v3,7.1
2026-07-28,CVE-2026-64406,Linux,first_score,,,v3,8.0
2026-07-28,CVE-2026-64408,Linux,first_score,,,v3,8.8
2026-07-28,CVE-2026-64410,Linux,first_score,,,v3,9.8
2026-07-28,CVE-2026-64411,Linux,first_score,,,v3,7.1
2026-07-28,CVE-2026-64412,Linux,first_score,,,v3,7.1
2026-07-28,CVE-2026-64413,Linux,first_score,,,v3,7.0
2026-07-28,CVE-2026-64414,Linux,first_score,,,v3,7.5
2026-07-28,CVE-2026-64418,Linux,first_score,,,v3,7.8
2026-07-28,CVE-2026-64420,Linux,first_score,,,v3,7.0
2026-07-28,CVE-2026-64422,Linux,first_score,,,v3,7.1
2026-07-28,CVE-2026-64423,Linux,first_score,,,v3,7.8
2026-07-28,CVE-2026-64430,Linux,first_score,,,v3,7.5
2026-07-28,CVE-2026-64431,Linux,first_score,,,v3,7.8
2026-07-28,CVE-2026-64432,Linux,first_score,,,v3,7.8
2026-07-28,CVE-2026-64434,Linux,first_score,,,v3,8.8
2026-07-28,CVE-2026-64435,Linux,first_score,,,v3,8.2
2026-07-28,CVE-2026-64436,Linux,first_score,,,v3,7.1
2026-07-28,CVE-2026-64437,Linux,first_score,,,v3,8.8
2026-07-28,CVE-2026-64438,Linux,first_score,,,v3,8.8
2026-07-28,CVE-2026-64439,Linux,first_score,,,v3,9.8
2026-07-28,CVE-2026-64440,Linux,first_score,,,v3,8.1
2026-07-28,CVE-2026-64441,Linux,first_score,,,v3,8.8
2026-07-28,CVE-2026-64442,Linux,first_score,,,v3,8.1
2026-07-28,CVE-2026-64443,Linux,first_score,,,v3,8.1
2026-07-28,CVE-2026-64444,Linux,first_score,,,v3,8.1
2026-07-28,CVE-2026-64445,Linux,first_score,,,v3,8.8
2026-07-28,CVE-2026-64447,Linux,first_score,,,v3,7.8
2026-07-28,CVE-2026-64448,Linux,first_score,,,v3,8.2
2026-07-28,CVE-2026-64449,Linux,first_score,,,v3,7.8
2026-07-28,CVE-2026-64450,Linux,first_score,,,v3,9.1
2026-07-28,CVE-2026-64452,Linux,first_score,,,v3,7.1
2026-07-28,CVE-2026-64456,Linux,first_score,,,v3,7.7
2026-07-28,CVE-2026-64459,Linux,first_score,,,v3,9.8
2026-07-28,CVE-2026-64460,Linux,first_score,,,v3,7.0
2026-07-28,CVE-2026-64463,Linux,first_score,,,v3,7.8
2026-07-28,CVE-2026-64467,Linux,first_score,,,v3,8.8
2026-07-28,CVE-2026-64468,Linux,first_score,,,v3,7.8
2026-07-28,CVE-2026-64469,Linux,first_score,,,v3,7.8
2026-07-28,CVE-2026-64475,Linux,first_score,,,v3,8.8
2026-07-28,CVE-2026-64481,Linux,first_score,,,v3,7.8
2026-07-28,CVE-2026-64485,Linux,first_score,,,v3,7.8
2026-07-28,CVE-2026-64490,Linux,first_score,,,v3,8.4
2026-07-28,CVE-2026-64496,Linux,first_score,,,v3,7.1
2026-07-28,CVE-2026-64501,Linux,first_score,,,v3,7.1
2026-07-28,CVE-2026-64502,Linux,first_score,,,v3,7.8
2026-07-28,CVE-2026-64510,Linux,first_score,,,v3,7.0
2026-07-28,CVE-2026-64515,Linux,first_score,,,v3,8.3
2026-07-28,CVE-2026-64516,Linux,first_score,,,v3,8.8
2026-07-28,CVE-2026-64520,Linux,first_score,,,v3,8.4
2026-07-28,CVE-2026-64522,Linux,first_score,,,v3,8.8
2026-07-28,CVE-2026-64523,Linux,first_score,,,v3,9.8
2026-07-28,CVE-2026-64524,Linux,first_score,,,v3,7.7
2026-07-28,CVE-2026-64529,Linux,first_score,,,v3,7.8
2026-07-28,CVE-2026-64530,Linux,first_score,,,v3,9.8
2026-07-28,CVE-2026-64600,Linux,first_score,,,v3,7.8
2026-07-29,CVE-2022-3534,VulDB,version_shift,v3,5.5,v4,5.1
2026-07-29,CVE-2022-3636,VulDB,version_shift,v3,5.5,v4,5.1
2026-07-29,CVE-2026-12495,INCIBE,rescore,v4,9.2,v4,5.3
2026-07-30,CVE-2024-21537,snyk,version_shift,v3,8.8,v4,9.3
2026-07-30,CVE-2024-4944,WatchGuard,version_shift,v3,7.8,v4,8.5
2026-07-30,CVE-2025-4318,AMZN,rescore,v4,9.5,v4,9.0
2026-07-31,CVE-2022-3566,VulDB,version_shift,v3,4.6,v4,2.1
2026-07-31,CVE-2025-21629,Linux,first_score,,,v3,8.2
2026-07-31,CVE-2025-21631,Linux,first_score,,,v3,7.8
2026-07-31,CVE-2025-21637,Linux,first_score,,,v3,7.1
2026-07-31,CVE-2025-21638,Linux,first_score,,,v3,7.1
2026-07-31,CVE-2025-21640,Linux,first_score,,,v3,7.1
2026-07-31,CVE-2025-21646,Linux,first_score,,,v3,7.5
2026-07-31,CVE-2025-21647,Linux,first_score,,,v3,7.3
2026-07-31,CVE-2025-21650,Linux,first_score,,,v3,7.1
2026-07-31,CVE-2025-21652,Linux,first_score,,,v3,7.8
2026-07-31,CVE-2025-21655,Linux,first_score,,,v3,7.8
2026-07-31,CVE-2025-21659,Linux,first_score,,,v3,8.1
2026-07-31,CVE-2025-21661,Linux,first_score,,,v3,7.8
2026-07-31,CVE-2025-21663,Linux,first_score,,,v3,10.0
2026-07-31,CVE-2025-21664,Linux,first_score,,,v3,7.8
2026-07-31,CVE-2025-21669,Linux,first_score,,,v3,7.8
2026-07-31,CVE-2025-21673,Linux,first_score,,,v3,9.8
2026-07-31,CVE-2025-21676,Linux,first_score,,,v3,7.5
2026-07-31,CVE-2025-21677,Linux,first_score,,,v3,7.8
2026-07-31,CVE-2025-21678,Linux,first_score,,,v3,7.8
2026-07-31,CVE-2025-21680,Linux,first_score,,,v3,7.8
2026-07-31,CVE-2025-21682,Linux,first_score,,,v3,7.3
2026-07-31,CVE-2025-21687,Linux,first_score,,,v3,7.8
2026-07-31,CVE-2025-21692,Linux,first_score,,,v3,7.8
2026-07-31,CVE-2025-21693,Linux,first_score,,,v3,7.8
2026-07-31,CVE-2025-21697,Linux,first_score,,,v3,7.8
2026-07-31,CVE-2025-21699,Linux,first_score,,,v3,7.8
2026-07-31,CVE-2025-21701,Linux,first_score,,,v3,7.8
2026-07-31,CVE-2025-21707,Linux,first_score,,,v3,9.8
2026-07-31,CVE-2025-21709,Linux,first_score,,,v3,7.8
2026-07-31,CVE-2025-21710,Linux,first_score,,,v3,8.2
2026-07-31,CVE-2025-21712,Linux,first_score,,,v3,7.8
2026-07-31,CVE-2025-21714,Linux,first_score,,,v3,7.8
2026-07-31,CVE-2025-21717,Linux,first_score,,,v3,7.8
2026-07-31,CVE-2025-21718,Linux,first_score,,,v3,7.8
2026-07-31,CVE-2025-21719,Linux,first_score,,,v3,7.1
2026-07-31,CVE-2025-21720,Linux,first_score,,,v3,7.5
2026-07-31,CVE-2025-21722,Linux,first_score,,,v3,7.8
2026-07-31,CVE-2025-21725,Linux,first_score,,,v3,7.5
2026-07-31,CVE-2025-21726,Linux,first_score,,,v3,7.8
2026-07-31,CVE-2025-21727,Linux,first_score,,,v3,7.8
2026-07-31,CVE-2025-21729,Linux,first_score,,,v3,7.8
2026-07-31,CVE-2025-21730,Linux,first_score,,,v3,7.8
2026-07-31,CVE-2025-21734,Linux,first_score,,,v3,7.8
2026-07-31,CVE-2025-21735,Linux,first_score,,,v3,8.8
2026-07-31,CVE-2025-21738,Linux,first_score,,,v3,7.8
2026-07-31,CVE-2025-21748,Linux,first_score,,,v3,9.8
2026-07-31,CVE-2025-21751,Linux,first_score,,,v3,7.8
2026-07-31,CVE-2025-21753,Linux,first_score,,,v3,7.8
2026-07-31,CVE-2025-21758,Linux,first_score,,,v3,7.8
2026-07-31,CVE-2025-21759,Linux,first_score,,,v3,7.8
2026-07-31,CVE-2025-21760,Linux,first_score,,,v3,8.1
2026-07-31,CVE-2025-21761,Linux,first_score,,,v3,7.8
2026-07-31,CVE-2025-21762,Linux,first_score,,,v3,8.1
2026-07-31,CVE-2025-21763,Linux,first_score,,,v3,7.8
2026-07-31,CVE-2025-21764,Linux,first_score,,,v3,7.8
2026-07-31,CVE-2025-21765,Linux,first_score,,,v3,8.1
2026-07-31,CVE-2025-21766,Linux,first_score,,,v3,8.1
2026-07-31,CVE-2025-21772,Linux,first_score,,,v3,7.8
2026-07-31,CVE-2025-21778,Linux,first_score,,,v3,7.8
2026-07-31,CVE-2025-21780,Linux,first_score,,,v3,7.8
2026-07-31,CVE-2025-21785,Linux,first_score,,,v3,7.8
2026-07-31,CVE-2025-21786,Linux,first_score,,,v3,7.8
2026-07-31,CVE-2025-21788,Linux,first_score,,,v3,7.5
2026-07-31,CVE-2025-21789,Linux,first_score,,,v3,7.3
2026-07-31,CVE-2025-21791,Linux,first_score,,,v3,7.8
2026-07-31,CVE-2025-21792,Linux,first_score,,,v3,7.8
2026-07-31,CVE-2025-21795,Linux,first_score,,,v3,7.5
2026-07-31,CVE-2025-21796,Linux,first_score,,,v3,9.8
2026-07-31,CVE-2025-21801,Linux,first_score,,,v3,7.8
2026-07-31,CVE-2025-21804,Linux,first_score,,,v3,7.1
2026-07-31,CVE-2025-21805,Linux,first_score,,,v3,9.8
2026-07-31,CVE-2025-21808,Linux,first_score,,,v3,7.8
2026-07-31,CVE-2025-21809,Linux,first_score,,,v3,7.5
2026-07-31,CVE-2025-21810,Linux,first_score,,,v3,7.8
2026-07-31,CVE-2025-21811,Linux,first_score,,,v3,7.8
2026-07-31,CVE-2025-21812,Linux,first_score,,,v3,7.8
2026-07-31,CVE-2025-21823,Linux,first_score,,,v3,7.8
2026-07-31,CVE-2025-21825,Linux,first_score,,,v3,7.8
2026-07-31,CVE-2025-21826,Linux,first_score,,,v3,7.8
2026-07-31,CVE-2025-21827,Linux,first_score,,,v3,7.8
2026-07-31,CVE-2025-21828,Linux,first_score,,,v3,8.8
2026-07-31,CVE-2025-21829,Linux,first_score,,,v3,9.8
2026-07-31,CVE-2025-21830,Linux,first_score,,,v3,7.3
2026-07-31,CVE-2025-21832,Linux,first_score,,,v3,7.8
2026-07-31,CVE-2025-21836,Linux,first_score,,,v3,7.8
2026-07-31,CVE-2025-21839,Linux,first_score,,,v3,7.3
2026-07-31,CVE-2025-21842,Linux,first_score,,,v3,7.8
2026-07-31,CVE-2025-21844,Linux,first_score,,,v3,7.5
2026-07-31,CVE-2025-21850,Linux,first_score,,,v3,9.8
2026-07-31,CVE-2025-21851,Linux,first_score,,,v3,7.8
2026-07-31,CVE-2025-21855,Linux,first_score,,,v3,8.6
2026-07-31,CVE-2025-21858,Linux,first_score,,,v3,7.8
2026-07-31,CVE-2025-21864,Linux,first_score,,,v3,7.8
2026-07-31,CVE-2025-21867,Linux,first_score,,,v3,7.8
2026-07-31,CVE-2025-21868,Linux,first_score,,,v3,7.5
2026-07-31,CVE-2025-21870,Linux,first_score,,,v3,7.8
2026-07-31,CVE-2025-21875,Linux,first_score,,,v3,7.8
2026-07-31,CVE-2025-21876,Linux,first_score,,,v3,8.8
2026-07-31,CVE-2025-21879,Linux,first_score,,,v3,7.8
2026-07-31,CVE-2025-21882,Linux,first_score,,,v3,7.8
2026-07-31,CVE-2025-21884,Linux,first_score,,,v3,7.8
2026-07-31,CVE-2025-21885,Linux,first_score,,,v3,7.5
2026-07-31,CVE-2025-21887,Linux,first_score,,,v3,7.8
2026-07-31,CVE-2025-21889,Linux,first_score,,,v3,7.8
2026-07-31,CVE-2025-21890,Linux,first_score,,,v3,8.2
2026-07-31,CVE-2025-21893,Linux,first_score,,,v3,7.8
2026-07-31,CVE-2025-21896,Linux,first_score,,,v3,7.8
2026-07-31,CVE-2025-21899,Linux,first_score,,,v3,7.8
2026-07-31,CVE-2025-21900,Linux,first_score,,,v3,7.5
2026-07-31,CVE-2025-21901,Linux,first_score,,,v3,7.8
2026-07-31,CVE-2025-21906,Linux,first_score,,,v3,7.6
2026-07-31,CVE-2025-21914,Linux,first_score,,,v3,7.8
2026-07-31,CVE-2025-21915,Linux,first_score,,,v3,7.0
2026-07-31,CVE-2025-21919,Linux,first_score,,,v3,7.8
2026-07-31,CVE-2025-21923,Linux,first_score,,,v3,7.8
2026-07-31,CVE-2025-21924,Linux,first_score,,,v3,7.8
2026-07-31,CVE-2025-21926,Linux,first_score,,,v3,7.8
2026-07-31,CVE-2025-21927,Linux,first_score,,,v3,9.8
2026-07-31,CVE-2025-21932,Linux,first_score,,,v3,7.0
2026-07-31,CVE-2025-21934,Linux,first_score,,,v3,7.8
2026-07-31,CVE-2025-21938,Linux,first_score,,,v3,7.5
2026-07-31,CVE-2025-21939,Linux,first_score,,,v3,7.8
2026-07-31,CVE-2025-21945,Linux,first_score,,,v3,8.8
2026-07-31,CVE-2025-21946,Linux,first_score,,,v3,8.8
2026-07-31,CVE-2025-21949,Linux,first_score,,,v3,7.8
2026-07-31,CVE-2025-21954,Linux,first_score,,,v3,9.8
2026-07-31,CVE-2025-21955,Linux,first_score,,,v3,8.8
2026-07-31,CVE-2025-21958,Linux,first_score,,,v3,7.8
2026-07-31,CVE-2025-21959,Linux,first_score,,,v3,7.3
2026-07-31,CVE-2025-21960,Linux,first_score,,,v3,7.5
2026-07-31,CVE-2025-21961,Linux,first_score,,,v3,7.5
2026-07-31,CVE-2025-21965,Linux,first_score,,,v3,7.8
2026-07-31,CVE-2025-21966,Linux,first_score,,,v3,7.8
2026-07-31,CVE-2025-21967,Linux,first_score,,,v3,8.8
2026-07-31,CVE-2025-21969,Linux,first_score,,,v3,8.8
2026-07-31,CVE-2025-21970,Linux,first_score,,,v3,7.8
2026-07-31,CVE-2025-21971,Linux,first_score,,,v3,7.8
2026-07-31,CVE-2025-21972,Linux,first_score,,,v3,8.8
2026-07-31,CVE-2025-21976,Linux,first_score,,,v3,7.8
2026-07-31,CVE-2025-21979,Linux,first_score,,,v3,7.8
2026-07-31,CVE-2025-21984,Linux,first_score,,,v3,7.8
2026-07-31,CVE-2025-21985,Linux,first_score,,,v3,7.8
2026-07-31,CVE-2025-21988,Linux,first_score,,,v3,9.8
2026-07-31,CVE-2025-21994,Linux,first_score,,,v3,7.6
2026-07-31,CVE-2025-21999,Linux,first_score,,,v3,7.8
2026-07-31,CVE-2025-22001,Linux,first_score,,,v3,7.8
2026-07-31,CVE-2025-22004,Linux,first_score,,,v3,8.6
2026-07-31,CVE-2025-22012,Linux,first_score,,,v3,8.8
2026-07-31,CVE-2025-22013,Linux,first_score,,,v3,7.3
2026-07-31,CVE-2025-22015,Linux,first_score,,,v3,7.8
2026-07-31,CVE-2025-22019,Linux,first_score,,,v3,7.3
2026-07-31,CVE-2025-22020,Linux,first_score,,,v3,7.8
2026-07-31,CVE-2025-22021,Linux,first_score,,,v3,10.0
2026-07-31,CVE-2025-22022,Linux,first_score,,,v3,7.8
2026-07-31,CVE-2025-22025,Linux,first_score,,,v3,7.5
2026-07-31,CVE-2025-22034,Linux,first_score,,,v3,7.8
2026-07-31,CVE-2025-22035,Linux,first_score,,,v3,7.8
2026-07-31,CVE-2025-22036,Linux,first_score,,,v3,7.8
2026-07-31,CVE-2025-22037,Linux,first_score,,,v3,7.5
2026-07-31,CVE-2025-22038,Linux,first_score,,,v3,8.3
2026-07-31,CVE-2025-22039,Linux,first_score,,,v3,8.8
2026-07-31,CVE-2025-22042,Linux,first_score,,,v3,8.1
2026-07-31,CVE-2025-22043,Linux,first_score,,,v3,8.1
2026-07-31,CVE-2025-22044,Linux,first_score,,,v3,7.1
2026-07-31,CVE-2025-22045,Linux,first_score,,,v3,7.8
2026-07-31,CVE-2025-22047,Linux,first_score,,,v3,7.8
2026-07-31,CVE-2025-22048,Linux,first_score,,,v3,7.8
2026-07-31,CVE-2025-22049,Linux,first_score,,,v3,7.8
2026-07-31,CVE-2025-22055,Linux,first_score,,,v3,7.1
2026-07-31,CVE-2025-22056,Linux,first_score,,,v3,7.8
2026-07-31,CVE-2025-22057,Linux,first_score,,,v3,7.8
2026-07-31,CVE-2025-22059,Linux,first_score,,,v3,7.5
2026-07-31,CVE-2025-22061,Linux,first_score,,,v3,7.8
2026-07-31,CVE-2025-22062,Linux,first_score,,,v3,7.8
2026-07-31,CVE-2025-22068,Linux,first_score,,,v3,7.8
2026-07-31,CVE-2025-22069,Linux,first_score,,,v3,7.8
2026-07-31,CVE-2025-22072,Linux,first_score,,,v3,7.8
2026-07-31,CVE-2025-22074,Linux,first_score,,,v3,8.8
2026-07-31,CVE-2025-22077,Linux,first_score,,,v3,9.8
2026-07-31,CVE-2025-22079,Linux,first_score,,,v3,7.8
2026-07-31,CVE-2025-22080,Linux,first_score,,,v3,8.4
2026-07-31,CVE-2025-22081,Linux,first_score,,,v3,7.8
2026-07-31,CVE-2025-22083,Linux,first_score,,,v3,7.8
2026-07-31,CVE-2025-22085,Linux,first_score,,,v3,7.8
2026-07-31,CVE-2025-22086,Linux,first_score,,,v3,8.8
2026-07-31,CVE-2025-22087,Linux,first_score,,,v3,7.8
2026-07-31,CVE-2025-22088,Linux,first_score,,,v3,9.8
2026-07-31,CVE-2025-22089,Linux,first_score,,,v3,7.8
2026-07-31,CVE-2025-22090,Linux,first_score,,,v3,7.3
2026-07-31,CVE-2025-22094,Linux,first_score,,,v3,7.3
2026-07-31,CVE-2025-22100,Linux,first_score,,,v3,7.8
2026-07-31,CVE-2025-22102,Linux,first_score,,,v3,7.8
2026-07-31,CVE-2025-22108,Linux,first_score,,,v3,8.6
2026-07-31,CVE-2025-22109,Linux,first_score,,,v3,7.8
2026-07-31,CVE-2025-22110,Linux,first_score,,,v3,9.8
2026-07-31,CVE-2025-22114,Linux,first_score,,,v3,7.8
2026-07-31,CVE-2025-22115,Linux,first_score,,,v3,7.8
2026-07-31,CVE-2025-22117,Linux,first_score,,,v3,8.7
2026-07-31,CVE-2025-22118,Linux,first_score,,,v3,8.8
2026-07-31,CVE-2025-22121,Linux,first_score,,,v3,8.4
2026-07-31,CVE-2025-22124,Linux,first_score,,,v3,7.8
2026-07-31,CVE-2025-23132,Linux,first_score,,,v3,7.0
2026-07-31,CVE-2025-23133,Linux,first_score,,,v3,8.8
2026-07-31,CVE-2025-23141,Linux,first_score,,,v3,7.8
2026-07-31,CVE-2025-23142,Linux,first_score,,,v3,7.8
2026-07-31,CVE-2025-23145,Linux,first_score,,,v3,7.5
2026-07-31,CVE-2025-23150,Linux,first_score,,,v3,7.8
2026-07-31,CVE-2025-23151,Linux,first_score,,,v3,7.8
2026-07-31,CVE-2025-23155,Linux,first_score,,,v3,7.1
2026-07-31,CVE-2025-23156,Linux,first_score,,,v3,7.8
2026-07-31,CVE-2025-23157,Linux,first_score,,,v3,7.8
2026-07-31,CVE-2025-23158,Linux,first_score,,,v3,7.8
2026-07-31,CVE-2025-23159,Linux,first_score,,,v3,8.4
2026-07-31,CVE-2025-37738,Linux,first_score,,,v3,7.8
2026-07-31,CVE-2025-37741,Linux,first_score,,,v3,7.8
2026-07-31,CVE-2025-37749,Linux,first_score,,,v3,8.2
2026-07-31,CVE-2025-37750,Linux,first_score,,,v3,9.8
2026-07-31,CVE-2025-37751,Linux,first_score,,,v3,7.1
2026-07-31,CVE-2025-37752,Linux,first_score,,,v3,7.8
2026-07-31,CVE-2025-37756,Linux,first_score,,,v3,7.8
2026-07-31,CVE-2025-37757,Linux,first_score,,,v3,7.5
2026-07-31,CVE-2025-37763,Linux,first_score,,,v3,7.8
2026-07-31,CVE-2025-37765,Linux,first_score,,,v3,7.8
2026-07-31,CVE-2025-37776,Linux,first_score,,,v3,8.8
2026-07-31,CVE-2025-37777,Linux,first_score,,,v3,8.8
2026-07-31,CVE-2025-37779,Linux,first_score,,,v3,7.8
2026-07-31,CVE-2025-37789,Linux,first_score,,,v3,7.8
2026-07-31,CVE-2025-37791,Linux,first_score,,,v3,7.8
2026-07-31,CVE-2025-37797,Linux,first_score,,,v3,7.8
2026-07-31,CVE-2025-37798,Linux,first_score,,,v3,7.8
2026-07-31,CVE-2025-37799,Linux,first_score,,,v3,8.6
2026-07-31,CVE-2025-37800,Linux,first_score,,,v3,7.1
2026-07-31,CVE-2025-37801,Linux,first_score,,,v3,7.8
2026-07-31,CVE-2025-37802,Linux,first_score,,,v3,7.5
2026-07-31,CVE-2025-37813,Linux,first_score,,,v3,7.8
2026-07-31,CVE-2025-37814,Linux,first_score,,,v3,7.8
2026-07-31,CVE-2025-37820,Linux,first_score,,,v3,7.5
2026-07-31,CVE-2025-37822,Linux,first_score,,,v3,7.8
2026-07-31,CVE-2025-37823,Linux,first_score,,,v3,7.8
2026-07-31,CVE-2025-37838,Linux,first_score,,,v3,7.8
2026-07-31,CVE-2025-37845,Linux,first_score,,,v3,7.8
2026-07-31,CVE-2025-37849,Linux,first_score,,,v3,8.8
2026-07-31,CVE-2025-37854,Linux,first_score,,,v3,7.8
2026-07-31,CVE-2025-37856,Linux,first_score,,,v3,7.8
2026-07-31,CVE-2025-37861,Linux,first_score,,,v3,7.8
2026-07-31,CVE-2025-37869,Linux,first_score,,,v3,7.8
2026-07-31,CVE-2025-37871,Linux,first_score,,,v3,7.5
2026-07-31,CVE-2025-37873,Linux,first_score,,,v3,7.8
2026-07-31,CVE-2025-37876,Linux,first_score,,,v3,7.0
2026-07-31,CVE-2025-37879,Linux,first_score,,,v3,9.8
2026-07-31,CVE-2025-37882,Linux,first_score,,,v3,7.8
2026-07-31,CVE-2025-37885,Linux,first_score,,,v3,8.8
2026-07-31,CVE-2025-37886,Linux,first_score,,,v3,7.8
2026-07-31,CVE-2025-37887,Linux,first_score,,,v3,7.1
2026-07-31,CVE-2025-37890,Linux,first_score,,,v3,7.8
2026-07-31,CVE-2025-37891,Linux,first_score,,,v3,7.8
2026-07-31,CVE-2025-37893,Linux,first_score,,,v3,7.8
2026-07-31,CVE-2025-37894,Linux,first_score,,,v3,9.8
2026-07-31,CVE-2025-37899,Linux,first_score,,,v3,8.8
2026-07-31,CVE-2025-37901,Linux,first_score,,,v3,7.8
2026-07-31,CVE-2025-37903,Linux,first_score,,,v3,7.8
2026-07-31,CVE-2025-37906,Linux,first_score,,,v3,7.8
2026-07-31,CVE-2025-37908,Linux,first_score,,,v3,7.8
2026-07-31,CVE-2025-37911,Linux,first_score,,,v3,7.8
2026-07-31,CVE-2025-37913,Linux,first_score,,,v3,7.8
2026-07-31,CVE-2025-37914,Linux,first_score,,,v3,7.8
2026-07-31,CVE-2025-37915,Linux,first_score,,,v3,7.8
2026-07-31,CVE-2025-37917,Linux,first_score,,,v3,7.5
2026-07-31,CVE-2025-37918,Linux,first_score,,,v3,8.8
2026-07-31,CVE-2025-37920,Linux,first_score,,,v3,7.8
2026-07-31,CVE-2025-37921,Linux,first_score,,,v3,7.8
2026-07-31,CVE-2025-37923,Linux,first_score,,,v3,7.8
2026-07-31,CVE-2025-37926,Linux,first_score,,,v3,8.8
2026-07-31,CVE-2025-37931,Linux,first_score,,,v3,7.3
2026-07-31,CVE-2025-37935,Linux,first_score,,,v3,9.8
2026-07-31,CVE-2025-37936,Linux,first_score,,,v3,8.7
2026-07-31,CVE-2025-37938,Linux,first_score,,,v3,7.1
2026-07-31,CVE-2025-37943,Linux,first_score,,,v3,8.8
2026-07-31,CVE-2025-37944,Linux,first_score,,,v3,8.8
2026-07-31,CVE-2025-37947,Linux,first_score,,,v3,8.8
2026-07-31,CVE-2025-37949,Linux,first_score,,,v3,7.8
2026-07-31,CVE-2025-37952,Linux,first_score,,,v3,8.8
2026-07-31,CVE-2025-37954,Linux,first_score,,,v3,7.5
2026-07-31,CVE-2025-37956,Linux,first_score,,,v3,8.8
2026-07-31,CVE-2025-37957,Linux,first_score,,,v3,8.8
2026-07-31,CVE-2025-37959,Linux,first_score,,,v3,9.4
2026-07-31,CVE-2025-37964,Linux,first_score,,,v3,7.8
2026-07-31,CVE-2025-37973,Linux,first_score,,,v3,8.1
2026-07-31,CVE-2025-37977,Linux,first_score,,,v3,7.8
2026-07-31,CVE-2025-37979,Linux,first_score,,,v3,7.8
2026-07-31,CVE-2025-37984,Linux,first_score,,,v3,7.0
2026-07-31,CVE-2025-37988,Linux,first_score,,,v3,7.8
2026-07-31,CVE-2025-37996,Linux,first_score,,,v3,8.8
2026-07-31,CVE-2025-37997,Linux,first_score,,,v3,7.8
2026-07-31,CVE-2025-37998,Linux,first_score,,,v3,7.8
2026-07-31,CVE-2025-38000,Linux,first_score,,,v3,7.8
2026-07-31,CVE-2025-38001,Linux,first_score,,,v3,7.8
2026-07-31,CVE-2025-38002,Linux,first_score,,,v3,7.8
2026-07-31,CVE-2025-38003,Linux,first_score,,,v3,7.8
2026-07-31,CVE-2025-38004,Linux,first_score,,,v3,7.3
2026-07-31,CVE-2025-38005,Linux,first_score,,,v3,7.8
2026-07-31,CVE-2025-38012,Linux,first_score,,,v3,7.8
2026-07-31,CVE-2025-38016,Linux,first_score,,,v3,8.8
2026-07-31,CVE-2025-38018,Linux,first_score,,,v3,7.5
2026-07-31,CVE-2025-38022,Linux,first_score,,,v3,7.8
2026-07-31,CVE-2025-38024,Linux,first_score,,,v3,7.8
2026-07-31,CVE-2025-38028,Linux,first_score,,,v3,7.8
2026-07-31,CVE-2025-38035,Linux,first_score,,,v3,7.5
2026-07-31,CVE-2025-38051,Linux,first_score,,,v3,7.8
2026-07-31,CVE-2025-38052,Linux,first_score,,,v3,8.8
2026-07-31,CVE-2025-38057,Linux,first_score,,,v3,7.5
2026-07-31,CVE-2025-38058,Linux,first_score,,,v3,7.8
2026-07-31,CVE-2025-38060,Linux,first_score,,,v3,7.8
2026-07-31,CVE-2025-38062,Linux,first_score,,,v3,7.8
2026-07-31,CVE-2025-38064,Linux,first_score,,,v3,7.8
2026-07-31,CVE-2025-38065,Linux,first_score,,,v3,7.8
2026-07-31,CVE-2025-38068,Linux,first_score,,,v3,7.8
2026-07-31,CVE-2025-38074,Linux,first_score,,,v3,8.8
2026-07-31,CVE-2025-38075,Linux,first_score,,,v3,9.8
2026-07-31,CVE-2025-38078,Linux,first_score,,,v3,7.8
2026-07-31,CVE-2025-38079,Linux,first_score,,,v3,7.8
2026-07-31,CVE-2025-38080,Linux,first_score,,,v3,7.8
2026-07-31,CVE-2025-38082,Linux,first_score,,,v3,7.8
2026-07-31,CVE-2025-38083,Linux,first_score,,,v3,7.8
2026-07-31,CVE-2025-38084,Linux,first_score,,,v3,7.8
2026-07-31,CVE-2025-38085,Linux,first_score,,,v3,7.8
2026-07-31,CVE-2025-38087,Linux,first_score,,,v3,7.8
2026-07-31,CVE-2025-38089,Linux,first_score,,,v3,9.8
2026-07-31,CVE-2025-38090,Linux,first_score,,,v3,7.8
2026-07-31,CVE-2025-38092,Linux,first_score,,,v3,8.8
2026-07-31,CVE-2025-38095,Linux,first_score,,,v3,7.8
2026-07-31,CVE-2025-38097,Linux,first_score,,,v3,7.8
2026-07-31,CVE-2025-38098,Linux,first_score,,,v3,7.8
2026-07-31,CVE-2025-38101,Linux,first_score,,,v3,7.8
2026-07-31,CVE-2025-38102,Linux,first_score,,,v3,7.8
2026-07-31,CVE-2025-38106,Linux,first_score,,,v3,7.8
2026-07-31,CVE-2025-38107,Linux,first_score,,,v3,7.8
2026-07-31,CVE-2025-38108,Linux,first_score,,,v3,7.8
2026-07-31,CVE-2025-38110,Linux,first_score,,,v3,7.8
2026-07-31,CVE-2025-38111,Linux,first_score,,,v3,7.8
2026-07-31,CVE-2025-38115,Linux,first_score,,,v3,7.8
2026-07-31,CVE-2025-38116,Linux,first_score,,,v3,7.8
2026-07-31,CVE-2025-38117,Linux,first_score,,,v3,7.8
2026-07-31,CVE-2025-38118,Linux,first_score,,,v3,7.8
2026-07-31,CVE-2025-38120,Linux,first_score,,,v3,9.4
2026-07-31,CVE-2025-38123,Linux,first_score,,,v3,9.8
2026-07-31,CVE-2025-38124,Linux,first_score,,,v3,7.5
2026-07-31,CVE-2025-38127,Linux,first_score,,,v3,7.8
2026-07-31,CVE-2025-38129,Linux,first_score,,,v3,7.8
2026-07-31,CVE-2025-38133,Linux,first_score,,,v3,7.8
2026-07-31,CVE-2025-38139,Linux,first_score,,,v3,9.8
2026-07-31,CVE-2025-38141,Linux,first_score,,,v3,7.8
2026-07-31,CVE-2025-38146,Linux,first_score,,,v3,9.4
2026-07-31,CVE-2025-38150,Linux,first_score,,,v3,7.8
2026-07-31,CVE-2025-38154,Linux,first_score,,,v3,7.8
2026-07-31,CVE-2025-38161,Linux,first_score,,,v3,7.8
2026-07-31,CVE-2025-38162,Linux,first_score,,,v3,7.8
2026-07-31,CVE-2025-38164,Linux,first_score,,,v3,7.1
2026-07-31,CVE-2025-38165,Linux,first_score,,,v3,7.5
2026-07-31,CVE-2025-38166,Linux,first_score,,,v3,7.8
2026-07-31,CVE-2025-38168,Linux,first_score,,,v3,7.8
2026-07-31,CVE-2025-38169,Linux,first_score,,,v3,7.8
2026-07-31,CVE-2025-38172,Linux,first_score,,,v3,7.8
2026-07-31,CVE-2025-38173,Linux,first_score,,,v3,7.8
2026-07-31,CVE-2025-38174,Linux,first_score,,,v3,8.8
2026-07-31,CVE-2025-38175,Linux,first_score,,,v3,7.8
2026-07-31,CVE-2025-38176,Linux,first_score,,,v3,7.8
2026-07-31,CVE-2025-38177,Linux,first_score,,,v3,7.8
2026-07-31,CVE-2025-38179,Linux,first_score,,,v3,7.8
2026-07-31,CVE-2025-38180,Linux,first_score,,,v3,7.8
2026-07-31,CVE-2025-38181,Linux,first_score,,,v3,7.5
2026-07-31,CVE-2025-38184,Linux,first_score,,,v3,7.8
2026-07-31,CVE-2025-38187,Linux,first_score,,,v3,7.8
2026-07-31,CVE-2025-38189,Linux,first_score,,,v3,7.8
2026-07-31,CVE-2025-38191,Linux,first_score,,,v3,7.5
2026-07-31,CVE-2025-38192,Linux,first_score,,,v3,7.8
2026-07-31,CVE-2025-38193,Linux,first_score,,,v3,7.8
2026-07-31,CVE-2025-38197,Linux,first_score,,,v3,7.3
2026-07-31,CVE-2025-38204,Linux,first_score,,,v3,7.8
2026-07-31,CVE-2025-38206,Linux,first_score,,,v3,7.8
2026-07-31,CVE-2025-38209,Linux,first_score,,,v3,9.8
2026-07-31,CVE-2025-38211,Linux,first_score,,,v3,9.8
2026-07-31,CVE-2025-38212,Linux,first_score,,,v3,7.8
2026-07-31,CVE-2025-38216,Linux,first_score,,,v3,8.8
2026-07-31,CVE-2025-38218,Linux,first_score,,,v3,7.8
2026-07-31,CVE-2025-38224,Linux,first_score,,,v3,7.8
2026-07-31,CVE-2025-38226,Linux,first_score,,,v3,7.8
2026-07-31,CVE-2025-38227,Linux,first_score,,,v3,7.8
2026-07-31,CVE-2025-38230,Linux,first_score,,,v3,7.8
2026-07-31,CVE-2025-38232,Linux,first_score,,,v3,7.8
2026-07-31,CVE-2025-38233,Linux,first_score,,,v3,7.8
2026-07-31,CVE-2025-38234,Linux,first_score,,,v3,7.8
2026-07-31,CVE-2025-38236,Linux,first_score,,,v3,7.8
2026-07-31,CVE-2025-38238,Linux,first_score,,,v3,8.8
2026-07-31,CVE-2025-38239,Linux,first_score,,,v3,7.3
2026-07-31,CVE-2025-38242,Linux,first_score,,,v3,7.8
2026-07-31,CVE-2025-38244,Linux,first_score,,,v3,7.5
2026-07-31,CVE-2025-38246,Linux,first_score,,,v3,9.8
2026-07-31,CVE-2025-38248,Linux,first_score,,,v3,7.8
2026-07-31,CVE-2025-38250,Linux,first_score,,,v3,7.8
2026-07-31,CVE-2025-38252,Linux,first_score,,,v3,7.8
2026-07-31,CVE-2025-38253,Linux,first_score,,,v3,8.8
2026-07-31,CVE-2025-38257,Linux,first_score,,,v3,7.3
2026-07-31,CVE-2025-38261,Linux,first_score,,,v3,7.8
2026-07-31,CVE-2025-38262,Linux,first_score,,,v3,7.8
2026-07-31,CVE-2025-38264,Linux,first_score,,,v3,9.8
2026-07-31,CVE-2025-38270,Linux,first_score,,,v3,7.8
2026-07-31,CVE-2025-38273,Linux,first_score,,,v3,7.8
2026-07-31,CVE-2025-38276,Linux,first_score,,,v3,7.8
2026-07-31,CVE-2025-38278,Linux,first_score,,,v3,7.8
2026-07-31,CVE-2025-38283,Linux,first_score,,,v3,8.8
2026-07-31,CVE-2025-38287,Linux,first_score,,,v3,7.5
2026-07-31,CVE-2025-38290,Linux,first_score,,,v3,8.8
2026-07-31,CVE-2025-38291,Linux,first_score,,,v3,8.8
2026-07-31,CVE-2025-38292,Linux,first_score,,,v3,8.8
2026-07-31,CVE-2025-38293,Linux,first_score,,,v3,8.8
2026-07-31,CVE-2025-38303,Linux,first_score,,,v3,7.8
2026-07-31,CVE-2025-38306,Linux,first_score,,,v3,7.8
2026-07-31,CVE-2025-38314,Linux,first_score,,,v3,7.3
2026-07-31,CVE-2025-38317,Linux,first_score,,,v3,7.8
2026-07-31,CVE-2025-38321,Linux,first_score,,,v3,7.8
2026-07-31,CVE-2025-38325,Linux,first_score,,,v3,9.8
2026-07-31,CVE-2025-38331,Linux,first_score,,,v3,7.5
2026-07-31,CVE-2025-38333,Linux,first_score,,,v3,7.8
2026-07-31,CVE-2025-38339,Linux,first_score,,,v3,7.8
2026-07-31,CVE-2025-38341,Linux,first_score,,,v3,7.8
2026-07-31,CVE-2025-38342,Linux,first_score,,,v3,7.0
2026-07-31,CVE-2025-38343,Linux,first_score,,,v3,8.3
2026-07-31,CVE-2025-38346,Linux,first_score,,,v3,7.8
2026-07-31,CVE-2025-38349,Linux,first_score,,,v3,7.8
2026-07-31,CVE-2025-38350,Linux,first_score,,,v3,7.8
2026-07-31,CVE-2025-38352,Linux,first_score,,,v3,7.8
2026-07-31,CVE-2025-38357,Linux,first_score,,,v3,7.8
2026-07-31,CVE-2025-38365,Linux,first_score,,,v3,9.1
2026-07-31,CVE-2025-38366,Linux,first_score,,,v3,7.8
2026-07-31,CVE-2025-38367,Linux,first_score,,,v3,8.8
2026-07-31,CVE-2025-38372,Linux,first_score,,,v3,7.8
2026-07-31,CVE-2025-38375,Linux,first_score,,,v3,8.4
2026-07-31,CVE-2025-38377,Linux,first_score,,,v3,8.8
2026-07-31,CVE-2025-38379,Linux,first_score,,,v3,7.5
2026-07-31,CVE-2025-38382,Linux,first_score,,,v3,7.8
2026-07-31,CVE-2025-38386,Linux,first_score,,,v3,7.8
2026-07-31,CVE-2025-38393,Linux,first_score,,,v3,7.5
2026-07-31,CVE-2025-38395,Linux,first_score,,,v3,8.4
2026-07-31,CVE-2025-38396,Linux,first_score,,,v3,7.8
2026-07-31,CVE-2025-38398,Linux,first_score,,,v3,7.8
2026-07-31,CVE-2025-38399,Linux,first_score,,,v3,7.5
2026-07-31,CVE-2025-38401,Linux,first_score,,,v3,7.8
2026-07-31,CVE-2025-38405,Linux,first_score,,,v3,7.5
2026-07-31,CVE-2025-38408,Linux,first_score,,,v3,7.8
2026-07-31,CVE-2025-38411,Linux,first_score,,,v3,9.8
2026-07-31,CVE-2025-38412,Linux,first_score,,,v3,7.8
2026-07-31,CVE-2025-38413,Linux,first_score,,,v3,7.7
2026-07-31,CVE-2025-38416,Linux,first_score,,,v3,7.8
2026-07-31,CVE-2025-38421,Linux,first_score,,,v3,7.8
2026-07-31,CVE-2025-38422,Linux,first_score,,,v3,7.8
2026-07-31,CVE-2025-38424,Linux,first_score,,,v3,7.8
2026-07-31,CVE-2025-38425,Linux,first_score,,,v3,7.8
2026-07-31,CVE-2025-38429,Linux,first_score,,,v3,10.0
2026-07-31,CVE-2025-38430,Linux,first_score,,,v3,9.8
2026-07-31,CVE-2025-38434,Linux,first_score,,,v3,7.8
2026-07-31,CVE-2025-38435,Linux,first_score,,,v3,7.8
2026-07-31,CVE-2025-38437,Linux,first_score,,,v3,8.8
2026-07-31,CVE-2025-38439,Linux,first_score,,,v3,9.8
2026-07-31,CVE-2025-38440,Linux,first_score,,,v3,7.8
2026-07-31,CVE-2025-38446,Linux,first_score,,,v3,7.3
2026-07-31,CVE-2025-38447,Linux,first_score,,,v3,7.8
2026-07-31,CVE-2025-38449,Linux,first_score,,,v3,7.8
2026-07-31,CVE-2025-38453,Linux,first_score,,,v3,7.8
2026-07-31,CVE-2025-38455,Linux,first_score,,,v3,7.8
2026-07-31,CVE-2025-38456,Linux,first_score,,,v3,7.8
2026-07-31,CVE-2025-38460,Linux,first_score,,,v3,7.0
2026-07-31,CVE-2025-38461,Linux,first_score,,,v3,7.0
2026-07-31,CVE-2025-38463,Linux,first_score,,,v3,7.8
2026-07-31,CVE-2025-38464,Linux,first_score,,,v3,7.8
2026-07-31,CVE-2025-38466,Linux,first_score,,,v3,7.8
2026-07-31,CVE-2025-38470,Linux,first_score,,,v3,7.8
2026-07-31,CVE-2025-38471,Linux,first_score,,,v3,9.8
2026-07-31,CVE-2025-38472,Linux,first_score,,,v3,9.8
2026-07-31,CVE-2025-38475,Linux,first_score,,,v3,7.8
2026-07-31,CVE-2025-38476,Linux,first_score,,,v3,9.8
2026-07-31,CVE-2025-38477,Linux,first_score,,,v3,7.8
2026-07-31,CVE-2025-38478,Linux,first_score,,,v3,7.8
2026-07-31,CVE-2025-38484,Linux,first_score,,,v3,7.8
2026-07-31,CVE-2025-38485,Linux,first_score,,,v3,7.8
2026-07-31,CVE-2025-38486,Linux,first_score,,,v3,7.8
2026-07-31,CVE-2025-38488,Linux,first_score,,,v3,9.8
2026-07-31,CVE-2025-38490,Linux,first_score,,,v3,9.8
2026-07-31,CVE-2025-38491,Linux,first_score,,,v3,8.2
2026-07-31,CVE-2025-38494,Linux,first_score,,,v3,7.8
2026-07-31,CVE-2025-38495,Linux,first_score,,,v3,8.8
2026-07-31,CVE-2025-38498,Linux,first_score,,,v3,7.8
2026-07-31,CVE-2025-38499,Linux,first_score,,,v3,7.8
2026-07-31,CVE-2025-38500,Linux,first_score,,,v3,7.8
2026-07-31,CVE-2025-38501,Linux,first_score,,,v3,7.5
2026-07-31,CVE-2025-38502,Linux,first_score,,,v3,7.8
2026-07-31,CVE-2025-38505,Linux,first_score,,,v3,7.1
2026-07-31,CVE-2025-38508,Linux,first_score,,,v3,7.3
2026-07-31,CVE-2025-38511,Linux,first_score,,,v3,8.8
2026-07-31,CVE-2025-38512,Linux,first_score,,,v3,8.8
2026-07-31,CVE-2025-38514,Linux,first_score,,,v3,7.5
2026-07-31,CVE-2025-38523,Linux,first_score,,,v3,7.5
2026-07-31,CVE-2025-38524,Linux,first_score,,,v3,7.5
2026-07-31,CVE-2025-38525,Linux,first_score,,,v3,7.5
2026-07-31,CVE-2025-38526,Linux,first_score,,,v3,7.5
2026-07-31,CVE-2025-38527,Linux,first_score,,,v3,9.8
2026-07-31,CVE-2025-38528,Linux,first_score,,,v3,7.1
2026-07-31,CVE-2025-38532,Linux,first_score,,,v3,7.8
2026-07-31,CVE-2025-38533,Linux,first_score,,,v3,9.8
2026-07-31,CVE-2025-38536,Linux,first_score,,,v3,7.8
2026-07-31,CVE-2025-38539,Linux,first_score,,,v3,7.8
2026-07-31,CVE-2025-38542,Linux,first_score,,,v3,7.8
2026-07-31,CVE-2025-38545,Linux,first_score,,,v3,7.5
2026-07-31,CVE-2025-38547,Linux,first_score,,,v3,7.3
2026-07-31,CVE-2025-38550,Linux,first_score,,,v3,7.8
2026-07-31,CVE-2025-38552,Linux,first_score,,,v3,9.4
2026-07-31,CVE-2025-38554,Linux,first_score,,,v3,7.8
2026-07-31,CVE-2025-38555,Linux,first_score,,,v3,7.8
2026-07-31,CVE-2025-38560,Linux,first_score,,,v3,9.3
2026-07-31,CVE-2025-38561,Linux,first_score,,,v3,9.8
2026-07-31,CVE-2025-38566,Linux,first_score,,,v3,9.8
2026-07-31,CVE-2025-38568,Linux,first_score,,,v3,7.8
2026-07-31,CVE-2025-38570,Linux,first_score,,,v3,7.8
2026-07-31,CVE-2025-38571,Linux,first_score,,,v3,8.2
2026-07-31,CVE-2025-38572,Linux,first_score,,,v3,7.8
2026-07-31,CVE-2025-38573,Linux,first_score,,,v3,7.3
2026-07-31,CVE-2025-38574,Linux,first_score,,,v3,8.6
2026-07-31,CVE-2025-38577,Linux,first_score,,,v3,7.8
2026-07-31,CVE-2025-38578,Linux,first_score,,,v3,7.8
2026-07-31,CVE-2025-38579,Linux,first_score,,,v3,7.8
2026-07-31,CVE-2025-38580,Linux,first_score,,,v3,7.8
2026-07-31,CVE-2025-38582,Linux,first_score,,,v3,7.8
2026-07-31,CVE-2025-38584,Linux,first_score,,,v3,7.0
2026-07-31,CVE-2025-38586,Linux,first_score,,,v3,7.8
2026-07-31,CVE-2025-38590,Linux,first_score,,,v3,7.5
2026-07-31,CVE-2025-38592,Linux,first_score,,,v3,8.8
2026-07-31,CVE-2025-38593,Linux,first_score,,,v3,7.8
2026-07-31,CVE-2025-38594,Linux,first_score,,,v3,7.8
2026-07-31,CVE-2025-38595,Linux,first_score,,,v3,7.8
2026-07-31,CVE-2025-38596,Linux,first_score,,,v3,7.8
2026-07-31,CVE-2025-38598,Linux,first_score,,,v3,7.8
2026-07-31,CVE-2025-38599,Linux,first_score,,,v3,8.8
2026-07-31,CVE-2025-38600,Linux,first_score,,,v3,8.8
2026-07-31,CVE-2025-38601,Linux,first_score,,,v3,8.8
2026-07-31,CVE-2025-38604,Linux,first_score,,,v3,7.8
2026-07-31,CVE-2025-38607,Linux,first_score,,,v3,7.8
2026-07-31,CVE-2025-38608,Linux,first_score,,,v3,8.6
2026-07-31,CVE-2025-38614,Linux,first_score,,,v3,7.8
2026-07-31,CVE-2025-38615,Linux,first_score,,,v3,7.8
2026-07-31,CVE-2025-38616,Linux,first_score,,,v3,7.8
2026-07-31,CVE-2025-38617,Linux,first_score,,,v3,7.8
2026-07-31,CVE-2025-38618,Linux,first_score,,,v3,7.8
2026-07-31,CVE-2025-38619,Linux,first_score,,,v3,7.8
2026-07-31,CVE-2025-38627,Linux,first_score,,,v3,7.8
2026-07-31,CVE-2025-38639,Linux,first_score,,,v3,7.1
2026-07-31,CVE-2025-38640,Linux,first_score,,,v3,7.8
2026-07-31,CVE-2025-38643,Linux,first_score,,,v3,8.8
2026-07-31,CVE-2025-38652,Linux,first_score,,,v3,7.3
2026-07-31,CVE-2025-38653,Linux,first_score,,,v3,7.8
2026-07-31,CVE-2025-38656,Linux,first_score,,,v3,7.8
2026-07-31,CVE-2025-38657,Linux,first_score,,,v3,7.3
2026-07-31,CVE-2025-38658,Linux,first_score,,,v3,8.8
2026-07-31,CVE-2025-38659,Linux,first_score,,,v3,7.8
2026-07-31,CVE-2025-38660,Linux,first_score,,,v3,9.8
2026-07-31,CVE-2025-38661,Linux,first_score,,,v3,7.1
2026-07-31,CVE-2025-38662,Linux,first_score,,,v3,7.1
2026-07-31,CVE-2025-38667,Linux,first_score,,,v3,7.8
2026-07-31,CVE-2025-38670,Linux,first_score,,,v3,7.8
2026-07-31,CVE-2025-38675,Linux,first_score,,,v3,7.8
2026-07-31,CVE-2025-38677,Linux,first_score,,,v3,7.8
2026-07-31,CVE-2025-38678,Linux,first_score,,,v3,7.8
2026-07-31,CVE-2025-38679,Linux,first_score,,,v3,7.3
2026-07-31,CVE-2025-38685,Linux,first_score,,,v3,7.8
2026-07-31,CVE-2025-38687,Linux,first_score,,,v3,7.3
2026-07-31,CVE-2025-38688,Linux,first_score,,,v3,8.8
2026-07-31,CVE-2025-38697,Linux,first_score,,,v3,7.8
2026-07-31,CVE-2025-38703,Linux,first_score,,,v3,7.8
2026-07-31,CVE-2025-38707,Linux,first_score,,,v3,7.1
2026-07-31,CVE-2025-38708,Linux,first_score,,,v3,9.8
2026-07-31,CVE-2025-38710,Linux,first_score,,,v3,7.8
2026-07-31,CVE-2025-38713,Linux,first_score,,,v3,7.1
2026-07-31,CVE-2025-38714,Linux,first_score,,,v3,7.8
2026-07-31,CVE-2025-38715,Linux,first_score,,,v3,7.8
2026-07-31,CVE-2025-38717,Linux,first_score,,,v3,7.8
2026-07-31,CVE-2025-38718,Linux,first_score,,,v3,7.8
2026-07-31,CVE-2025-38722,Linux,first_score,,,v3,7.8
2026-07-31,CVE-2025-38724,Linux,first_score,,,v3,9.8
2026-07-31,CVE-2025-38728,Linux,first_score,,,v3,9.1
2026-07-31,CVE-2025-38730,Linux,first_score,,,v3,7.8
2026-07-31,CVE-2025-38731,Linux,first_score,,,v3,7.8
2026-07-31,CVE-2025-38733,Linux,first_score,,,v3,7.8
2026-07-31,CVE-2025-38734,Linux,first_score,,,v3,9.8
2026-07-31,CVE-2025-38735,Linux,first_score,,,v3,7.8
2026-07-31,CVE-2025-38737,Linux,first_score,,,v3,9.8
2026-07-31,CVE-2025-39673,Linux,first_score,,,v3,9.8
2026-07-31,CVE-2025-39677,Linux,first_score,,,v3,7.8
2026-07-31,CVE-2025-39680,Linux,first_score,,,v3,7.8
2026-07-31,CVE-2025-39682,Linux,first_score,,,v3,9.8
2026-07-31,CVE-2025-39683,Linux,first_score,,,v3,7.8
2026-07-31,CVE-2025-39688,Linux,first_score,,,v3,7.5
2026-07-31,CVE-2025-39689,Linux,first_score,,,v3,7.8
2026-07-31,CVE-2025-39691,Linux,first_score,,,v3,7.8
2026-07-31,CVE-2025-39694,Linux,first_score,,,v3,7.3
2026-07-31,CVE-2025-39696,Linux,first_score,,,v3,7.8
2026-07-31,CVE-2025-39697,Linux,first_score,,,v3,7.8
2026-07-31,CVE-2025-39698,Linux,first_score,,,v3,7.8
2026-07-31,CVE-2025-39702,Linux,first_score,,,v3,9.8
2026-07-31,CVE-2025-39703,Linux,first_score,,,v3,9.8
2026-07-31,CVE-2025-39704,Linux,first_score,,,v3,8.8
2026-07-31,CVE-2025-39709,Linux,first_score,,,v3,5.5
2026-07-31,CVE-2025-39710,Linux,first_score,,,v3,7.8
2026-07-31,CVE-2025-39711,Linux,first_score,,,v3,7.8
2026-07-31,CVE-2025-39714,Linux,first_score,,,v3,7.8
2026-07-31,CVE-2025-39717,Linux,first_score,,,v3,7.8
2026-07-31,CVE-2025-39718,Linux,first_score,,,v3,8.4
2026-07-31,CVE-2025-39720,Linux,first_score,,,v3,7.5
2026-07-31,CVE-2025-39723,Linux,first_score,,,v3,7.1
2026-07-31,CVE-2025-39726,Linux,first_score,,,v3,9.8
2026-07-31,CVE-2025-39732,Linux,first_score,,,v3,7.8
2026-07-31,CVE-2025-39735,Linux,first_score,,,v3,7.1
2026-07-31,CVE-2025-39738,Linux,first_score,,,v3,7.3
2026-07-31,CVE-2025-39740,Linux,first_score,,,v3,7.8
2026-07-31,CVE-2025-39750,Linux,first_score,,,v3,8.8
2026-07-31,CVE-2025-39758,Linux,first_score,,,v3,9.8
2026-07-31,CVE-2025-39761,Linux,first_score,,,v3,8.8
2026-07-31,CVE-2025-39770,Linux,first_score,,,v3,7.5
2026-07-31,CVE-2025-39776,Linux,first_score,,,v3,7.0
2026-07-31,CVE-2025-39779,Linux,first_score,,,v3,7.8
2026-07-31,CVE-2025-39780,Linux,first_score,,,v3,7.8
2026-07-31,CVE-2025-39785,Linux,first_score,,,v3,7.8
2026-07-31,CVE-2025-39786,Linux,first_score,,,v3,7.8
2026-07-31,CVE-2025-39787,Linux,first_score,,,v3,7.8
2026-07-31,CVE-2025-39789,Linux,first_score,,,v3,7.3
2026-07-31,CVE-2025-39790,Linux,first_score,,,v3,8.4
2026-07-31,CVE-2025-39791,Linux,first_score,,,v3,7.8
2026-07-31,CVE-2025-39792,Linux,first_score,,,v3,7.8
2026-07-31,CVE-2025-39793,Linux,first_score,,,v3,7.8
2026-07-31,CVE-2025-39798,Linux,first_score,,,v3,7.3
2026-07-31,CVE-2025-39800,Linux,first_score,,,v3,7.8
2026-07-31,CVE-2025-39802,Linux,first_score,,,v3,7.5
2026-07-31,CVE-2025-39804,Linux,first_score,,,v3,7.5
2026-07-31,CVE-2025-39806,Linux,first_score,,,v3,8.8
2026-07-31,CVE-2025-39809,Linux,first_score,,,v3,8.4
2026-07-31,CVE-2025-39810,Linux,first_score,,,v3,7.8
2026-07-31,CVE-2025-39815,Linux,first_score,,,v3,7.8
2026-07-31,CVE-2025-39817,Linux,first_score,,,v3,7.1
2026-07-31,CVE-2025-39818,Linux,first_score,,,v3,7.8
2026-07-31,CVE-2025-39821,Linux,first_score,,,v3,7.8
2026-07-31,CVE-2025-39825,Linux,first_score,,,v3,7.8
2026-07-31,CVE-2025-39826,Linux,first_score,,,v3,8.8
2026-07-31,CVE-2025-39827,Linux,first_score,,,v3,8.8
2026-07-31,CVE-2025-39836,Linux,first_score,,,v3,7.8
2026-07-31,CVE-2025-39837,Linux,first_score,,,v3,7.8
2026-07-31,CVE-2025-39839,Linux,first_score,,,v3,8.8
2026-07-31,CVE-2025-39840,Linux,first_score,,,v3,7.1
2026-07-31,CVE-2025-39841,Linux,first_score,,,v3,9.8
2026-07-31,CVE-2025-39848,Linux,first_score,,,v3,8.8
2026-07-31,CVE-2025-39849,Linux,first_score,,,v3,8.8
2026-07-31,CVE-2025-39851,Linux,first_score,,,v3,7.5
2026-07-31,CVE-2025-39854,Linux,first_score,,,v3,7.8
2026-07-31,CVE-2025-39857,Linux,first_score,,,v3,7.5
2026-07-31,CVE-2025-39860,Linux,first_score,,,v3,8.0
2026-07-31,CVE-2025-39862,Linux,first_score,,,v3,8.8
2026-07-31,CVE-2025-39863,Linux,first_score,,,v3,7.8
2026-07-31,CVE-2025-39864,Linux,first_score,,,v3,8.8
2026-07-31,CVE-2025-39866,Linux,first_score,,,v3,7.8
2026-07-31,CVE-2025-39868,Linux,first_score,,,v3,7.8
2026-07-31,CVE-2025-39869,Linux,first_score,,,v3,8.4
2026-07-31,CVE-2025-39872,Linux,first_score,,,v3,7.8
2026-07-31,CVE-2025-39873,Linux,first_score,,,v3,7.8
2026-07-31,CVE-2025-39880,Linux,first_score,,,v3,9.8
2026-07-31,CVE-2025-39881,Linux,first_score,,,v3,7.8
2026-07-31,CVE-2025-39882,Linux,first_score,,,v3,8.4
2026-07-31,CVE-2025-39888,Linux,first_score,,,v3,7.8
2026-07-31,CVE-2025-39894,Linux,first_score,,,v3,7.5
2026-07-31,CVE-2025-39896,Linux,first_score,,,v3,7.8
2026-07-31,CVE-2025-39897,Linux,first_score,,,v3,7.5
2026-07-31,CVE-2025-39902,Linux,first_score,,,v3,7.1
2026-07-31,CVE-2025-39906,Linux,first_score,,,v3,7.8
2026-07-31,CVE-2025-39908,Linux,first_score,,,v3,7.8
2026-07-31,CVE-2025-39918,Linux,first_score,,,v3,8.8
2026-07-31,CVE-2025-39919,Linux,first_score,,,v3,8.8
2026-07-31,CVE-2025-39924,Linux,first_score,,,v3,7.8
2026-07-31,CVE-2025-39927,Linux,first_score,,,v3,7.8
2026-07-31,CVE-2025-39928,Linux,first_score,,,v3,7.1
2026-07-31,CVE-2025-39929,Linux,first_score,,,v3,7.5
2026-07-31,CVE-2025-39930,Linux,first_score,,,v3,8.4
2026-07-31,CVE-2025-39931,Linux,first_score,,,v3,7.8
2026-07-31,CVE-2025-39932,Linux,first_score,,,v3,9.8
2026-07-31,CVE-2025-39933,Linux,first_score,,,v3,9.4
2026-07-31,CVE-2025-39935,Linux,first_score,,,v3,7.8
2026-07-31,CVE-2025-39939,Linux,first_score,,,v3,7.8
2026-07-31,CVE-2025-39941,Linux,first_score,,,v3,7.8
2026-07-31,CVE-2025-39942,Linux,first_score,,,v3,7.5
2026-07-31,CVE-2025-39943,Linux,first_score,,,v3,9.4
2026-07-31,CVE-2025-39944,Linux,first_score,,,v3,7.8
2026-07-31,CVE-2025-39945,Linux,first_score,,,v3,7.8
2026-07-31,CVE-2025-39948,Linux,first_score,,,v3,9.8
2026-07-31,CVE-2025-39949,Linux,first_score,,,v3,7.8
2026-07-31,CVE-2025-39951,Linux,first_score,,,v3,7.8
2026-07-31,CVE-2025-39952,Linux,first_score,,,v3,8.8
2026-07-31,CVE-2025-39956,Linux,first_score,,,v3,7.8
2026-07-31,CVE-2025-39957,Linux,first_score,,,v3,7.1
2026-07-31,CVE-2025-39960,Linux,first_score,,,v3,7.3
2026-07-31,CVE-2025-39961,Linux,first_score,,,v3,8.8
2026-07-31,CVE-2025-39962,Linux,first_score,,,v3,7.5
2026-07-31,CVE-2025-39963,Linux,first_score,,,v3,7.8
2026-07-31,CVE-2025-39964,Linux,first_score,,,v3,7.8
2026-07-31,CVE-2025-39965,Linux,first_score,,,v3,7.8
2026-07-31,CVE-2025-39966,Linux,first_score,,,v3,7.8
2026-07-31,CVE-2025-39967,Linux,first_score,,,v3,7.8
2026-07-31,CVE-2025-39968,Linux,first_score,,,v3,7.3
2026-07-31,CVE-2025-39969,Linux,first_score,,,v3,8.8
2026-07-31,CVE-2025-39970,Linux,first_score,,,v3,8.8
2026-07-31,CVE-2025-39971,Linux,first_score,,,v3,8.8
2026-07-31,CVE-2025-39972,Linux,first_score,,,v3,8.8
2026-07-31,CVE-2025-39973,Linux,first_score,,,v3,8.8
2026-07-31,CVE-2025-39975,Linux,first_score,,,v3,9.8
2026-07-31,CVE-2025-39976,Linux,first_score,,,v3,7.8
2026-07-31,CVE-2025-39977,Linux,first_score,,,v3,7.8
2026-07-31,CVE-2025-39978,Linux,first_score,,,v3,7.8
2026-07-31,CVE-2025-39979,Linux,first_score,,,v3,7.8
2026-07-31,CVE-2025-39981,Linux,first_score,,,v3,7.8
2026-07-31,CVE-2025-39982,Linux,first_score,,,v3,8.8
2026-07-31,CVE-2025-39983,Linux,first_score,,,v3,8.8
2026-07-31,CVE-2025-39985,Linux,first_score,,,v3,7.8
2026-07-31,CVE-2025-39986,Linux,first_score,,,v3,7.8
2026-07-31,CVE-2025-39987,Linux,first_score,,,v3,7.8
2026-07-31,CVE-2025-39988,Linux,first_score,,,v3,7.8
2026-07-31,CVE-2025-39990,Linux,first_score,,,v3,7.8
2026-07-31,CVE-2025-39993,Linux,first_score,,,v3,7.8
2026-07-31,CVE-2025-39994,Linux,first_score,,,v3,7.3
2026-07-31,CVE-2025-39998,Linux,first_score,,,v3,7.1
2026-07-31,CVE-2025-40000,Linux,first_score,,,v3,8.8
2026-07-31,CVE-2025-40006,Linux,first_score,,,v3,7.8
2026-07-31,CVE-2025-40012,Linux,first_score,,,v3,7.8
2026-07-31,CVE-2025-40018,Linux,first_score,,,v3,7.8
2026-07-31,CVE-2025-40024,Linux,first_score,,,v3,7.8
2026-07-31,CVE-2025-40025,Linux,first_score,,,v3,7.8
2026-07-31,CVE-2025-40026,Linux,first_score,,,v3,7.9
2026-07-31,CVE-2025-40027,Linux,first_score,,,v3,7.8
2026-07-31,CVE-2025-40028,Linux,first_score,,,v3,7.8
2026-07-31,CVE-2025-40038,Linux,first_score,,,v3,7.1
2026-07-31,CVE-2025-40039,Linux,first_score,,,v3,8.8
2026-07-31,CVE-2025-40040,Linux,first_score,,,v3,7.8
2026-07-31,CVE-2025-40041,Linux,first_score,,,v3,7.8
2026-07-31,CVE-2025-40043,Linux,first_score,,,v3,8.8
2026-07-31,CVE-2025-40044,Linux,first_score,,,v3,7.8
2026-07-31,CVE-2025-40045,Linux,first_score,,,v3,7.8
2026-07-31,CVE-2025-40046,Linux,first_score,,,v3,8.6
2026-07-31,CVE-2025-40047,Linux,first_score,,,v3,7.8
2026-07-31,CVE-2025-40048,Linux,first_score,,,v3,7.5
2026-07-31,CVE-2025-40051,Linux,first_score,,,v3,7.8
2026-07-31,CVE-2025-40053,Linux,first_score,,,v3,7.5
2026-07-31,CVE-2025-40054,Linux,first_score,,,v3,7.8
2026-07-31,CVE-2025-40058,Linux,first_score,,,v3,8.8
2026-07-31,CVE-2025-40061,Linux,first_score,,,v3,7.8
2026-07-31,CVE-2025-40063,Linux,first_score,,,v3,7.0
2026-07-31,CVE-2025-40064,Linux,first_score,,,v3,7.8
2026-07-31,CVE-2025-40067,Linux,first_score,,,v3,7.8
2026-07-31,CVE-2025-40068,Linux,first_score,,,v3,8.4
2026-07-31,CVE-2025-40069,Linux,first_score,,,v3,7.8
2026-07-31,CVE-2025-40074,Linux,first_score,,,v3,9.8
2026-07-31,CVE-2025-40075,Linux,first_score,,,v3,8.1
2026-07-31,CVE-2025-40079,Linux,first_score,,,v3,7.8
2026-07-31,CVE-2025-40081,Linux,first_score,,,v3,7.8
2026-07-31,CVE-2025-40082,Linux,first_score,,,v3,7.1
2026-07-31,CVE-2025-40084,Linux,first_score,,,v3,7.1
2026-07-31,CVE-2025-40087,Linux,first_score,,,v3,7.5
2026-07-31,CVE-2025-40088,Linux,first_score,,,v3,7.1
2026-07-31,CVE-2025-40090,Linux,first_score,,,v3,7.5
2026-07-31,CVE-2025-40092,Linux,first_score,,,v3,7.8
2026-07-31,CVE-2025-40093,Linux,first_score,,,v3,7.8
2026-07-31,CVE-2025-40094,Linux,first_score,,,v3,7.8
2026-07-31,CVE-2025-40095,Linux,first_score,,,v3,7.8
2026-07-31,CVE-2025-40096,Linux,first_score,,,v3,7.8
2026-07-31,CVE-2025-40099,Linux,first_score,,,v3,9.4
2026-07-31,CVE-2025-40104,Linux,first_score,,,v3,7.8
2026-07-31,CVE-2025-40105,Linux,first_score,,,v3,7.8
2026-07-31,CVE-2025-40111,Linux,first_score,,,v3,7.8
2026-07-31,CVE-2025-40112,Linux,first_score,,,v3,7.8
2026-07-31,CVE-2025-40117,Linux,first_score,,,v3,7.8
2026-07-31,CVE-2025-40118,Linux,first_score,,,v3,7.8
2026-07-31,CVE-2025-40123,Linux,first_score,,,v3,7.8
2026-07-31,CVE-2025-40124,Linux,first_score,,,v3,7.8
2026-07-31,CVE-2025-40129,Linux,first_score,,,v3,7.5
2026-07-31,CVE-2025-40133,Linux,first_score,,,v3,8.1
2026-07-31,CVE-2025-40135,Linux,first_score,,,v3,8.1
2026-07-31,CVE-2025-40139,Linux,first_score,,,v3,7.8
2026-07-31,CVE-2025-40140,Linux,first_score,,,v3,8.8
2026-07-31,CVE-2025-40141,Linux,first_score,,,v3,8.0
2026-07-31,CVE-2025-40149,Linux,first_score,,,v3,7.8
2026-07-31,CVE-2025-40151,Linux,first_score,,,v3,7.8
2026-07-31,CVE-2025-40155,Linux,first_score,,,v3,7.3
2026-07-31,CVE-2025-40158,Linux,first_score,,,v3,8.1
2026-07-31,CVE-2025-40159,Linux,first_score,,,v3,7.8
2026-07-31,CVE-2025-40165,Linux,first_score,,,v3,7.8
2026-07-31,CVE-2025-40166,Linux,first_score,,,v3,7.8
2026-07-31,CVE-2025-40167,Linux,first_score,,,v3,7.8
2026-07-31,CVE-2025-40168,Linux,first_score,,,v3,8.1
2026-07-31,CVE-2025-40169,Linux,first_score,,,v3,7.8
2026-07-31,CVE-2025-40170,Linux,first_score,,,v3,7.8
2026-07-31,CVE-2025-40171,Linux,first_score,,,v3,7.5
2026-07-31,CVE-2025-40172,Linux,first_score,,,v3,7.8
2026-07-31,CVE-2025-40173,Linux,first_score,,,v3,7.8
2026-07-31,CVE-2025-40174,Linux,first_score,,,v3,7.8
2026-07-31,CVE-2025-40176,Linux,first_score,,,v3,9.8
2026-07-31,CVE-2025-40182,Linux,first_score,,,v3,7.8
2026-07-31,CVE-2025-40183,Linux,first_score,,,v3,7.5
2026-07-31,CVE-2025-40186,Linux,first_score,,,v3,8.1
2026-07-31,CVE-2025-40187,Linux,first_score,,,v3,7.5
2026-07-31,CVE-2025-40190,Linux,first_score,,,v3,7.8
2026-07-31,CVE-2025-40198,Linux,first_score,,,v3,7.8
2026-07-31,CVE-2025-40199,Linux,first_score,,,v3,7.8
2026-07-31,CVE-2025-40201,Linux,first_score,,,v3,7.8
2026-07-31,CVE-2025-40202,Linux,first_score,,,v3,7.8
2026-07-31,CVE-2025-40203,Linux,first_score,,,v3,7.8
2026-07-31,CVE-2025-40204,Linux,first_score,,,v3,8.1
2026-07-31,CVE-2025-40205,Linux,first_score,,,v3,7.8
2026-07-31,CVE-2025-40206,Linux,first_score,,,v3,7.8
2026-07-31,CVE-2025-40210,Linux,first_score,,,v3,7.5
2026-07-31,CVE-2025-40212,Linux,first_score,,,v3,9.8
2026-07-31,CVE-2025-40213,Linux,first_score,,,v3,7.8
2026-07-31,CVE-2025-40214,Linux,first_score,,,v3,7.8
2026-07-31,CVE-2025-40215,Linux,first_score,,,v3,7.8
2026-07-31,CVE-2025-40216,Linux,first_score,,,v3,7.8
2026-07-31,CVE-2025-40233,Linux,first_score,,,v3,7.8
2026-07-31,CVE-2025-40240,Linux,first_score,,,v3,7.5
2026-07-31,CVE-2025-40241,Linux,first_score,,,v3,7.8
2026-07-31,CVE-2025-40242,Linux,first_score,,,v3,7.0
2026-07-31,CVE-2025-40243,Linux,first_score,,,v3,7.8
2026-07-31,CVE-2025-40244,Linux,first_score,,,v3,7.8
2026-07-31,CVE-2025-40245,Linux,first_score,,,v3,7.8
2026-07-31,CVE-2025-40248,Linux,first_score,,,v3,7.8
2026-07-31,CVE-2025-40249,Linux,first_score,,,v3,7.8
2026-07-31,CVE-2025-40250,Linux,first_score,,,v3,7.8
2026-07-31,CVE-2025-40251,Linux,first_score,,,v3,7.8
2026-07-31,CVE-2025-40252,Linux,first_score,,,v3,9.8
2026-07-31,CVE-2025-40253,Linux,first_score,,,v3,8.8
2026-07-31,CVE-2025-40257,Linux,first_score,,,v3,9.8
2026-07-31,CVE-2025-40258,Linux,first_score,,,v3,9.8
2026-07-31,CVE-2025-40261,Linux,first_score,,,v3,9.8
2026-07-31,CVE-2025-40262,Linux,first_score,,,v3,7.8
2026-07-31,CVE-2025-40266,Linux,first_score,,,v3,8.2
2026-07-31,CVE-2025-40269,Linux,first_score,,,v3,7.8
2026-07-31,CVE-2025-40270,Linux,first_score,,,v3,7.8
2026-07-31,CVE-2025-40271,Linux,first_score,,,v3,7.8
2026-07-31,CVE-2025-40272,Linux,first_score,,,v3,7.8
2026-07-31,CVE-2025-40273,Linux,first_score,,,v3,8.8
2026-07-31,CVE-2025-40274,Linux,first_score,,,v3,7.8
2026-07-31,CVE-2025-40276,Linux,first_score,,,v3,7.3
2026-07-31,CVE-2025-40277,Linux,first_score,,,v3,7.8
2026-07-31,CVE-2025-40280,Linux,first_score,,,v3,7.8
2026-07-31,CVE-2025-40282,Linux,first_score,,,v3,8.8
2026-07-31,CVE-2025-40283,Linux,first_score,,,v3,7.8
2026-07-31,CVE-2025-40284,Linux,first_score,,,v3,7.8
2026-07-31,CVE-2025-40285,Linux,first_score,,,v3,7.5
2026-07-31,CVE-2025-40290,Linux,first_score,,,v3,7.8
2026-07-31,CVE-2025-40291,Linux,first_score,,,v3,7.8
2026-07-31,CVE-2025-40292,Linux,first_score,,,v3,8.4
2026-07-31,CVE-2025-40297,Linux,first_score,,,v3,7.8
2026-07-31,CVE-2025-40301,Linux,first_score,,,v3,7.6
2026-07-31,CVE-2025-40302,Linux,first_score,,,v3,7.8
2026-07-31,CVE-2025-40303,Linux,first_score,,,v3,7.8
2026-07-31,CVE-2025-40304,Linux,first_score,,,v3,7.8
2026-07-31,CVE-2025-40306,Linux,first_score,,,v3,7.8
2026-07-31,CVE-2025-40307,Linux,first_score,,,v3,7.8
2026-07-31,CVE-2025-40309,Linux,first_score,,,v3,8.0
2026-07-31,CVE-2025-40317,Linux,first_score,,,v3,7.8
2026-07-31,CVE-2025-40318,Linux,first_score,,,v3,8.8
2026-07-31,CVE-2025-40319,Linux,first_score,,,v3,7.8
2026-07-31,CVE-2025-40320,Linux,first_score,,,v3,9.8
2026-07-31,CVE-2025-40322,Linux,first_score,,,v3,7.1
2026-07-31,CVE-2025-40323,Linux,first_score,,,v3,7.8
2026-07-31,CVE-2025-40324,Linux,first_score,,,v3,7.5
2026-07-31,CVE-2025-40326,Linux,first_score,,,v3,7.5
2026-07-31,CVE-2025-40328,Linux,first_score,,,v3,8.8
2026-07-31,CVE-2025-40331,Linux,first_score,,,v3,7.8
2026-07-31,CVE-2025-40334,Linux,first_score,,,v3,7.3
2026-07-31,CVE-2025-40336,Linux,first_score,,,v3,8.8
2026-07-31,CVE-2025-40337,Linux,first_score,,,v3,8.2
2026-07-31,CVE-2025-40342,Linux,first_score,,,v3,8.8
2026-07-31,CVE-2025-40343,Linux,first_score,,,v3,9.8
2026-07-31,CVE-2025-40344,Linux,first_score,,,v3,7.8
2026-07-31,CVE-2025-40347,Linux,first_score,,,v3,7.5
2026-07-31,CVE-2025-40349,Linux,first_score,,,v3,7.8
2026-07-31,CVE-2025-40350,Linux,first_score,,,v3,9.8
2026-07-31,CVE-2025-40354,Linux,first_score,,,v3,7.8
2026-07-31,CVE-2025-40356,Linux,first_score,,,v3,7.8
2026-07-31,CVE-2025-40358,Linux,first_score,,,v3,7.1
2026-07-31,CVE-2025-40362,Linux,first_score,,,v3,8.8
2026-07-31,CVE-2025-40364,Linux,first_score,,,v3,7.8
2026-07-31,CVE-2025-68167,Linux,first_score,,,v3,7.8
2026-07-31,CVE-2025-68168,Linux,first_score,,,v3,7.8
2026-07-31,CVE-2025-68170,Linux,first_score,,,v3,7.8
2026-07-31,CVE-2025-68171,Linux,first_score,,,v3,7.8
2026-07-31,CVE-2025-68174,Linux,first_score,,,v3,7.8
2026-07-31,CVE-2025-68175,Linux,first_score,,,v3,7.8
2026-07-31,CVE-2025-68179,Linux,first_score,,,v3,7.8
2026-07-31,CVE-2025-68181,Linux,first_score,,,v3,7.8
2026-07-31,CVE-2025-68182,Linux,first_score,,,v3,7.5
2026-07-31,CVE-2025-68183,Linux,first_score,,,v3,7.8
2026-07-31,CVE-2025-68184,Linux,first_score,,,v3,7.1
2026-07-31,CVE-2025-68189,Linux,first_score,,,v3,7.8
2026-07-31,CVE-2025-68192,Linux,first_score,,,v3,9.8
2026-07-31,CVE-2025-68195,Linux,first_score,,,v3,7.1
2026-07-31,CVE-2025-68206,Linux,first_score,,,v3,7.5
2026-07-31,CVE-2025-68207,Linux,first_score,,,v3,7.8
2026-07-31,CVE-2025-68208,Linux,first_score,,,v3,7.8
2026-07-31,CVE-2025-68212,Linux,first_score,,,v3,7.8
2026-07-31,CVE-2025-68215,Linux,first_score,,,v3,7.0
2026-07-31,CVE-2025-68218,Linux,first_score,,,v3,7.5
2026-07-31,CVE-2025-68226,Linux,first_score,,,v3,8.8
2026-07-31,CVE-2025-68232,Linux,first_score,,,v3,7.5
2026-07-31,CVE-2025-68234,Linux,first_score,,,v3,7.8
2026-07-31,CVE-2025-68241,Linux,first_score,,,v3,7.5
2026-07-31,CVE-2025-68243,Linux,first_score,,,v3,7.0
2026-07-31,CVE-2025-68246,Linux,first_score,,,v3,7.5
2026-07-31,CVE-2025-68250,Linux,first_score,,,v3,8.2
2026-07-31,CVE-2025-68254,Linux,first_score,,,v3,7.1
2026-07-31,CVE-2025-68255,Linux,first_score,,,v3,8.8
2026-07-31,CVE-2025-68256,Linux,first_score,,,v3,8.8
2026-07-31,CVE-2025-68260,Linux,first_score,,,v3,7.8
2026-07-31,CVE-2025-68261,Linux,first_score,,,v3,7.5
2026-07-31,CVE-2025-68265,Linux,first_score,,,v3,7.8
2026-07-31,CVE-2025-68283,Linux,first_score,,,v3,7.5
2026-07-31,CVE-2025-68284,Linux,first_score,,,v3,9.8
2026-07-31,CVE-2025-68285,Linux,first_score,,,v3,9.8
2026-07-31,CVE-2025-68286,Linux,first_score,,,v3,7.8
2026-07-31,CVE-2025-68294,Linux,first_score,,,v3,7.8
2026-07-31,CVE-2025-68301,Linux,first_score,,,v3,9.8
2026-07-31,CVE-2025-68302,Linux,first_score,,,v3,7.5
2026-07-31,CVE-2025-68303,Linux,first_score,,,v3,7.8
2026-07-31,CVE-2025-68304,Linux,first_score,,,v3,8.8
2026-07-31,CVE-2025-68313,Linux,first_score,,,v3,7.1
2026-07-31,CVE-2025-68314,Linux,first_score,,,v3,8.8
2026-07-31,CVE-2025-68315,Linux,first_score,,,v3,9.8
2026-07-31,CVE-2025-68317,Linux,first_score,,,v3,7.8
2026-07-31,CVE-2025-68320,Linux,first_score,,,v3,7.5
2026-07-31,CVE-2025-68321,Linux,first_score,,,v3,7.5
2026-07-31,CVE-2025-68336,Linux,first_score,,,v3,7.5
2026-07-31,CVE-2025-68337,Linux,first_score,,,v3,7.5
2026-07-31,CVE-2025-68340,Linux,first_score,,,v3,7.8
2026-07-31,CVE-2025-68341,Linux,first_score,,,v3,9.8
2026-07-31,CVE-2025-68347,Linux,first_score,,,v3,7.8
2026-07-31,CVE-2025-68349,Linux,first_score,,,v3,7.5
2026-07-31,CVE-2025-68352,Linux,first_score,,,v3,7.8
2026-07-31,CVE-2025-68359,Linux,first_score,,,v3,9.8
2026-07-31,CVE-2025-68360,Linux,first_score,,,v3,8.2
2026-07-31,CVE-2025-68365,Linux,first_score,,,v3,8.2
2026-07-31,CVE-2025-68369,Linux,first_score,,,v3,7.5
2026-07-31,CVE-2025-68370,Linux,first_score,,,v3,7.8
2026-07-31,CVE-2025-68379,Linux,first_score,,,v3,7.8
2026-07-31,CVE-2025-68724,Linux,first_score,,,v3,7.8
2026-07-31,CVE-2025-68726,Linux,first_score,,,v3,9.8
2026-07-31,CVE-2025-68730,Linux,first_score,,,v3,7.8
2026-07-31,CVE-2025-68735,Linux,first_score,,,v3,7.8
2026-07-31,CVE-2025-68736,Linux,first_score,,,v3,8.8
2026-07-31,CVE-2025-68741,Linux,first_score,,,v3,9.8
2026-07-31,CVE-2025-68745,Linux,first_score,,,v3,9.8
2026-07-31,CVE-2025-68746,Linux,first_score,,,v3,7.8
2026-07-31,CVE-2025-68747,Linux,first_score,,,v3,7.8
2026-07-31,CVE-2025-68748,Linux,first_score,,,v3,7.8
2026-07-31,CVE-2025-68749,Linux,first_score,,,v3,7.8
2026-07-31,CVE-2025-68753,Linux,first_score,,,v3,7.1
2026-07-31,CVE-2025-68761,Linux,first_score,,,v3,7.8
2026-07-31,CVE-2025-68764,Linux,first_score,,,v3,7.8
2026-07-31,CVE-2025-68770,Linux,first_score,,,v3,7.5
2026-07-31,CVE-2025-68774,Linux,first_score,,,v3,7.5
2026-07-31,CVE-2025-68775,Linux,first_score,,,v3,9.8
2026-07-31,CVE-2025-68782,Linux,first_score,,,v3,7.5
2026-07-31,CVE-2025-68785,Linux,first_score,,,v3,7.1
2026-07-31,CVE-2025-68792,Linux,first_score,,,v3,7.8
2026-07-31,CVE-2025-68793,Linux,first_score,,,v3,7.8
2026-07-31,CVE-2025-68794,Linux,first_score,,,v3,9.8
2026-07-31,CVE-2025-68795,Linux,first_score,,,v3,7.8
2026-07-31,CVE-2025-68799,Linux,first_score,,,v3,8.1
2026-07-31,CVE-2025-68800,Linux,first_score,,,v3,7.8
2026-07-31,CVE-2025-68801,Linux,first_score,,,v3,7.8
2026-07-31,CVE-2025-68803,Linux,first_score,,,v3,8.0
2026-07-31,CVE-2025-68805,Linux,first_score,,,v3,7.8
2026-07-31,CVE-2025-68806,Linux,first_score,,,v3,7.5
2026-07-31,CVE-2025-68808,Linux,first_score,,,v3,7.8
2026-07-31,CVE-2025-68809,Linux,first_score,,,v3,9.1
2026-07-31,CVE-2025-68810,Linux,first_score,,,v3,7.8
2026-07-31,CVE-2025-68811,Linux,first_score,,,v3,9.8
2026-07-31,CVE-2025-68815,Linux,first_score,,,v3,7.8
2026-07-31,CVE-2025-68817,Linux,first_score,,,v3,9.8
2026-07-31,CVE-2025-68818,Linux,first_score,,,v3,8.8
2026-07-31,CVE-2025-68819,Linux,first_score,,,v3,7.8
2026-07-31,CVE-2025-68822,Linux,first_score,,,v3,7.8
2026-07-31,CVE-2025-71066,Linux,first_score,,,v3,7.8
2026-07-31,CVE-2025-71068,Linux,first_score,,,v3,9.8
2026-07-31,CVE-2025-71070,Linux,first_score,,,v3,7.8
2026-07-31,CVE-2025-71072,Linux,first_score,,,v3,8.2
2026-07-31,CVE-2025-71074,Linux,first_score,,,v3,7.8
2026-07-31,CVE-2025-71078,Linux,first_score,,,v3,7.8
2026-07-31,CVE-2025-71080,Linux,first_score,,,v3,7.5
2026-07-31,CVE-2025-71082,Linux,first_score,,,v3,7.8
2026-07-31,CVE-2025-71085,Linux,first_score,,,v3,7.5
2026-07-31,CVE-2025-71090,Linux,first_score,,,v3,7.5
2026-07-31,CVE-2025-71092,Linux,first_score,,,v3,7.8
2026-07-31,CVE-2025-71093,Linux,first_score,,,v3,9.1
2026-07-31,CVE-2025-71095,Linux,first_score,,,v3,9.1
2026-07-31,CVE-2025-71099,Linux,first_score,,,v3,7.8
2026-07-31,CVE-2025-71100,Linux,first_score,,,v3,7.6
2026-07-31,CVE-2025-71101,Linux,first_score,,,v3,7.1
2026-07-31,CVE-2025-71109,Linux,first_score,,,v3,7.1
2026-07-31,CVE-2025-71112,Linux,first_score,,,v3,8.8
2026-07-31,CVE-2025-71116,Linux,first_score,,,v3,9.1
2026-07-31,CVE-2025-71120,Linux,first_score,,,v3,7.5
2026-07-31,CVE-2025-71126,Linux,first_score,,,v3,7.5
2026-07-31,CVE-2025-71127,Linux,first_score,,,v3,7.1
2026-07-31,CVE-2025-71128,Linux,first_score,,,v3,7.5
2026-07-31,CVE-2025-71130,Linux,first_score,,,v3,7.8
2026-07-31,CVE-2025-71131,Linux,first_score,,,v3,7.5
2026-07-31,CVE-2025-71132,Linux,first_score,,,v3,7.5
2026-07-31,CVE-2025-71136,Linux,first_score,,,v3,7.1
2026-07-31,CVE-2025-71145,Linux,first_score,,,v3,7.8
2026-07-31,CVE-2025-71146,Linux,first_score,,,v3,7.5
2026-07-31,CVE-2025-71150,Linux,first_score,,,v3,7.5
2026-07-31,CVE-2025-71155,Linux,first_score,,,v3,7.8
2026-07-31,CVE-2025-71158,Linux,first_score,,,v3,7.8
2026-07-31,CVE-2025-71159,Linux,first_score,,,v3,9.8
2026-07-31,CVE-2025-71161,Linux,first_score,,,v3,7.5
2026-07-31,CVE-2025-71162,Linux,first_score,,,v3,7.8
2026-07-31,CVE-2025-71183,Linux,first_score,,,v3,9.1
2026-07-31,CVE-2025-71192,Linux,first_score,,,v3,7.0
2026-07-31,CVE-2025-71201,Linux,first_score,,,v3,7.1
2026-07-31,CVE-2025-71202,Linux,first_score,,,v3,8.8
2026-07-31,CVE-2025-71204,Linux,first_score,,,v3,7.5
2026-07-31,CVE-2025-71221,Linux,first_score,,,v3,7.8
2026-07-31,CVE-2025-71234,Linux,first_score,,,v3,8.8
2026-07-31,CVE-2025-71236,Linux,first_score,,,v3,7.5
2026-07-31,CVE-2025-71268,Linux,first_score,,,v3,7.5
2026-07-31,CVE-2025-71269,Linux,first_score,,,v3,7.5
2026-07-31,CVE-2025-71274,Linux,first_score,,,v3,7.8
2026-07-31,CVE-2025-71286,Linux,first_score,,,v3,7.8
2026-07-31,CVE-2025-71289,Linux,first_score,,,v3,7.1
2026-07-31,CVE-2025-71292,Linux,first_score,,,v3,7.5
2026-07-31,CVE-2025-71300,Linux,first_score,,,v3,7.8
2026-07-31,CVE-2025-71302,Linux,first_score,,,v3,7.8
2026-07-31,CVE-2025-71311,Linux,first_score,,,v3,8.2
2026-07-31,CVE-2026-21639,hackerone,first_score,,,v3,8.8
2026-07-31,CVE-2026-64531,Linux,first_score,,,v3,7.8
2026-07-31,CVE-2026-64532,Linux,first_score,,,v3,7.8
2026-07-31,CVE-2026-64533,Linux,first_score,,,v3,7.8
2026-07-31,CVE-2026-64534,Linux,first_score,,,v3,9.8
2026-07-31,CVE-2026-64535,Linux,first_score,,,v3,9.8
2026-07-31,CVE-2026-64536,Linux,first_score,,,v3,8.1
2026-07-31,CVE-2026-64539,Linux,first_score,,,v3,7.8
2026-07-31,CVE-2026-64540,Linux,first_score,,,v3,8.1
2026-07-31,CVE-2026-64541,Linux,first_score,,,v3,9.8
2026-07-31,CVE-2026-64543,Linux,first_score,,,v3,7.8
2026-07-31,CVE-2026-64545,Linux,first_score,,,v3,7.5
2026-07-31,CVE-2026-64546,Linux,first_score,,,v3,7.1
2026-07-31,CVE-2026-64547,Linux,first_score,,,v3,8.1
2026-07-31,CVE-2026-64548,Linux,first_score,,,v3,8.4
2026-07-31,CVE-2026-64550,Linux,first_score,,,v3,7.3
2026-07-31,CVE-2026-64551,Linux,first_score,,,v3,9.1
2026-07-31,CVE-2026-64552,Linux,first_score,,,v3,8.4
2026-07-31,CVE-2026-64554,Linux,first_score,,,v3,8.8
2026-07-31,CVE-2026-64555,Linux,first_score,,,v3,8.8
2026-07-31,CVE-2026-64556,Linux,first_score,,,v3,7.8
2026-07-31,CVE-2026-64557,Linux,first_score,,,v3,8.8
2026-07-31,CVE-2026-64558,Linux,first_score,,,v3,7.8
2026-07-31,CVE-2026-64559,Linux,first_score,,,v3,7.8
2026-07-31,CVE-2026-64560,Linux,first_score,,,v3,7.8
2026-08-01,CVE-2013-0335,redhat,first_score,,,v3,7.6
2026-08-01,CVE-2024-4944,WatchGuard,rescore,v4,8.5,v4,8.6
2026-08-03,CVE-2024-21536,snyk,version_shift,v3,7.5,v4,8.7
2026-08-03,CVE-2026-16232,checkpoint,first_score,,,v4,9.3
2026-08-04,CVE-2024-21539,snyk,version_shift,v3,7.5,v4,8.7
2026-08-04,CVE-2026-47296,microsoft,rescore,v3,7.8,v3,7.5
2026-08-04,CVE-2026-55002,microsoft,rescore,v3,7.8,v3,8.8
2026-08-05,CVE-2019-25160,Linux,first_score,,,v3,9.1
2026-08-05,CVE-2019-25162,Linux,first_score,,,v3,7.8
2026-08-05,CVE-2020-36785,Linux,first_score,,,v3,7.8
2026-08-05,CVE-2020-36787,Linux,first_score,,,v3,7.8
2026-08-05,CVE-2020-36788,Linux,first_score,,,v3,7.8
2026-08-05,CVE-2020-36791,Linux,first_score,,,v3,7.8
2026-08-05,CVE-2021-4454,Linux,first_score,,,v3,7.5
2026-08-05,CVE-2021-46908,Linux,first_score,,,v3,7.1
2026-08-05,CVE-2021-46910,Linux,first_score,,,v3,7.0
2026-08-05,CVE-2021-46911,Linux,first_score,,,v3,9.8
2026-08-05,CVE-2021-46912,Linux,first_score,,,v3,7.3
2026-08-05,CVE-2021-46913,Linux,first_score,,,v3,7.8
2026-08-05,CVE-2021-46921,Linux,first_score,,,v3,7.8
2026-08-05,CVE-2021-46922,Linux,first_score,,,v3,7.8
2026-08-05,CVE-2021-46925,Linux,first_score,,,v3,7.8
2026-08-05,CVE-2021-46929,Linux,first_score,,,v3,7.8
2026-08-05,CVE-2021-46933,Linux,first_score,,,v3,7.8
2026-08-05,CVE-2021-46936,Linux,first_score,,,v3,7.8
2026-08-05,CVE-2021-46948,Linux,first_score,,,v3,7.5
2026-08-05,CVE-2021-46955,Linux,first_score,,,v3,8.2
2026-08-05,CVE-2021-46958,Linux,first_score,,,v3,7.8
2026-08-05,CVE-2021-46960,Linux,first_score,,,v3,7.5
2026-08-05,CVE-2021-46963,Linux,first_score,,,v3,7.8
2026-08-05,CVE-2021-46967,Linux,first_score,,,v3,7.8
2026-08-05,CVE-2021-46969,Linux,first_score,,,v3,7.8
2026-08-05,CVE-2021-46973,Linux,first_score,,,v3,7.8
2026-08-05,CVE-2021-46974,Linux,first_score,,,v3,7.1
2026-08-05,CVE-2021-46977,Linux,first_score,,,v3,7.8
2026-08-05,CVE-2021-46983,Linux,first_score,,,v3,7.5
2026-08-05,CVE-2021-46984,Linux,first_score,,,v3,7.8
2026-08-05,CVE-2021-46989,Linux,first_score,,,v3,7.1
2026-08-05,CVE-2021-46992,Linux,first_score,,,v3,7.8
2026-08-05,CVE-2021-46993,Linux,first_score,,,v3,7.8
2026-08-05,CVE-2021-46998,Linux,first_score,,,v3,7.8
2026-08-05,CVE-2021-46999,Linux,first_score,,,v3,9.8
2026-08-05,CVE-2021-47001,Linux,first_score,,,v3,7.5
2026-08-05,CVE-2021-47004,Linux,first_score,,,v3,7.1
2026-08-05,CVE-2021-47011,Linux,first_score,,,v3,7.8
2026-08-05,CVE-2021-47012,Linux,first_score,,,v3,7.8
2026-08-05,CVE-2021-47013,Linux,first_score,,,v3,9.8
2026-08-05,CVE-2021-47014,Linux,first_score,,,v3,7.8
2026-08-05,CVE-2021-47017,Linux,first_score,,,v3,8.8
2026-08-05,CVE-2021-47028,Linux,first_score,,,v3,7.1
2026-08-05,CVE-2021-47035,Linux,first_score,,,v3,8.8
2026-08-05,CVE-2021-47036,Linux,first_score,,,v3,9.8
2026-08-05,CVE-2021-47040,Linux,first_score,,,v3,7.8
2026-08-05,CVE-2021-47041,Linux,first_score,,,v3,7.5
2026-08-05,CVE-2021-47048,Linux,first_score,,,v3,7.8
2026-08-05,CVE-2021-47049,Linux,first_score,,,v3,8.4
2026-08-05,CVE-2021-47055,Linux,first_score,,,v3,7.1
2026-08-05,CVE-2021-47060,Linux,first_score,,,v3,7.8
2026-08-05,CVE-2021-47061,Linux,first_score,,,v3,7.8
2026-08-05,CVE-2021-47066,Linux,first_score,,,v3,7.1
2026-08-05,CVE-2021-47068,Linux,first_score,,,v3,7.8
2026-08-05,CVE-2021-47069,Linux,first_score,,,v3,7.8
2026-08-05,CVE-2021-47078,Linux,first_score,,,v3,7.8
2026-08-05,CVE-2021-47081,Linux,first_score,,,v3,7.8
2026-08-05,CVE-2021-47082,Linux,first_score,,,v3,7.8
2026-08-05,CVE-2021-47083,Linux,first_score,,,v3,7.1
2026-08-05,CVE-2021-47087,Linux,first_score,,,v3,7.8
2026-08-05,CVE-2021-47094,Linux,first_score,,,v3,7.8
2026-08-05,CVE-2021-47099,Linux,first_score,,,v3,7.8
2026-08-05,CVE-2021-47102,Linux,first_score,,,v3,7.1
2026-08-05,CVE-2021-47103,Linux,first_score,,,v3,9.8
2026-08-05,CVE-2021-47106,Linux,first_score,,,v3,7.8
2026-08-05,CVE-2021-47107,Linux,first_score,,,v3,9.8
2026-08-05,CVE-2021-47109,Linux,first_score,,,v3,7.5
2026-08-05,CVE-2021-47111,Linux,first_score,,,v3,8.8
2026-08-05,CVE-2021-47112,Linux,first_score,,,v3,7.8
2026-08-05,CVE-2021-47113,Linux,first_score,,,v3,7.1
2026-08-05,CVE-2021-47123,Linux,first_score,,,v3,7.8
2026-08-05,CVE-2021-47124,Linux,first_score,,,v3,7.8
2026-08-05,CVE-2021-47126,Linux,first_score,,,v3,7.8
2026-08-05,CVE-2021-47129,Linux,first_score,,,v3,7.8
2026-08-05,CVE-2021-47130,Linux,first_score,,,v3,7.5
2026-08-05,CVE-2021-47131,Linux,first_score,,,v3,8.1
2026-08-05,CVE-2021-47132,Linux,first_score,,,v3,7.5
2026-08-05,CVE-2021-47135,Linux,first_score,,,v3,7.8
2026-08-05,CVE-2021-47136,Linux,first_score,,,v3,8.6
2026-08-05,CVE-2021-47137,Linux,first_score,,,v3,9.8
2026-08-05,CVE-2021-47142,Linux,first_score,,,v3,7.8
2026-08-05,CVE-2021-47148,Linux,first_score,,,v3,7.8
2026-08-05,CVE-2021-47152,Linux,first_score,,,v3,7.8
2026-08-05,CVE-2021-47153,Linux,first_score,,,v3,7.8
2026-08-05,CVE-2021-47158,Linux,first_score,,,v3,7.8
2026-08-05,CVE-2021-47159,Linux,first_score,,,v3,7.8
2026-08-05,CVE-2021-47160,Linux,first_score,,,v3,8.1
2026-08-05,CVE-2021-47162,Linux,first_score,,,v3,9.8
2026-08-05,CVE-2021-47163,Linux,first_score,,,v3,7.8
2026-08-05,CVE-2021-47168,Linux,first_score,,,v3,9.8
2026-08-05,CVE-2021-47175,Linux,first_score,,,v3,7.8
2026-08-05,CVE-2021-47178,Linux,first_score,,,v3,7.5
2026-08-05,CVE-2021-47179,Linux,first_score,,,v3,7.5
2026-08-05,CVE-2021-47183,Linux,first_score,,,v3,8.8
2026-08-05,CVE-2021-47184,Linux,first_score,,,v3,8.8
2026-08-05,CVE-2021-47188,Linux,first_score,,,v3,7.8
2026-08-05,CVE-2021-47189,Linux,first_score,,,v3,7.8
2026-08-05,CVE-2021-47191,Linux,first_score,,,v3,7.1
2026-08-05,CVE-2021-47194,Linux,first_score,,,v3,7.8
2026-08-05,CVE-2021-47196,Linux,first_score,,,v3,7.8
2026-08-05,CVE-2021-47197,Linux,first_score,,,v3,7.8
2026-08-05,CVE-2021-47200,Linux,first_score,,,v3,7.8
2026-08-05,CVE-2021-47201,Linux,first_score,,,v3,7.8
2026-08-05,CVE-2021-47203,Linux,first_score,,,v3,8.8
2026-08-05,CVE-2021-47209,Linux,first_score,,,v3,7.8
2026-08-05,CVE-2021-47215,Linux,first_score,,,v3,9.8
2026-08-05,CVE-2021-47219,Linux,first_score,,,v3,7.1
2026-08-05,CVE-2021-47222,Linux,first_score,,,v3,7.8
2026-08-05,CVE-2021-47224,Linux,first_score,,,v3,7.8
2026-08-05,CVE-2021-47226,Linux,first_score,,,v3,7.1
2026-08-05,CVE-2021-47232,Linux,first_score,,,v3,9.8
2026-08-05,CVE-2021-47240,Linux,first_score,,,v3,8.4
2026-08-05,CVE-2021-47242,Linux,first_score,,,v3,7.5
2026-08-05,CVE-2021-47243,Linux,first_score,,,v3,7.1
2026-08-05,CVE-2021-47244,Linux,first_score,,,v3,8.2
2026-08-05,CVE-2021-47245,Linux,first_score,,,v3,8.2
2026-08-05,CVE-2021-47247,Linux,first_score,,,v3,7.8
2026-08-05,CVE-2021-47248,Linux,first_score,,,v3,7.8
2026-08-05,CVE-2021-47254,Linux,first_score,,,v3,7.8
2026-08-05,CVE-2021-47259,Linux,first_score,,,v3,7.8
2026-08-05,CVE-2021-47261,Linux,first_score,,,v3,7.8
2026-08-05,CVE-2021-47274,Linux,first_score,,,v3,7.8
2026-08-05,CVE-2021-47281,Linux,first_score,,,v3,7.8
2026-08-05,CVE-2021-47282,Linux,first_score,,,v3,7.8
2026-08-05,CVE-2021-47290,Linux,first_score,,,v3,7.5
2026-08-05,CVE-2021-47291,Linux,first_score,,,v3,7.8
2026-08-05,CVE-2021-47296,Linux,first_score,,,v3,7.8
2026-08-05,CVE-2021-47300,Linux,first_score,,,v3,7.8
2026-08-05,CVE-2021-47303,Linux,first_score,,,v3,7.8
2026-08-05,CVE-2021-47307,Linux,first_score,,,v3,7.5
2026-08-05,CVE-2021-47308,Linux,first_score,,,v3,8.8
2026-08-05,CVE-2021-47309,Linux,first_score,,,v3,7.8
2026-08-05,CVE-2021-47316,Linux,first_score,,,v3,7.5
2026-08-05,CVE-2021-47317,Linux,first_score,,,v3,7.8
2026-08-05,CVE-2021-47328,Linux,first_score,,,v3,9.8
2026-08-05,CVE-2021-47338,Linux,first_score,,,v3,7.8
2026-08-05,CVE-2021-47341,Linux,first_score,,,v3,7.8
2026-08-05,CVE-2021-47343,Linux,first_score,,,v3,7.8
2026-08-05,CVE-2021-47346,Linux,first_score,,,v3,7.1
2026-08-05,CVE-2021-47347,Linux,first_score,,,v3,7.8
2026-08-05,CVE-2021-47351,Linux,first_score,,,v3,7.8
2026-08-05,CVE-2021-47352,Linux,first_score,,,v3,8.4
2026-08-05,CVE-2021-47354,Linux,first_score,,,v3,7.1
2026-08-05,CVE-2021-47358,Linux,first_score,,,v3,7.8
2026-08-05,CVE-2021-47366,Linux,first_score,,,v3,7.1
2026-08-05,CVE-2021-47368,Linux,first_score,,,v3,7.1
2026-08-05,CVE-2021-47374,Linux,first_score,,,v3,7.5
2026-08-05,CVE-2021-47378,Linux,first_score,,,v3,9.8
2026-08-05,CVE-2021-47380,Linux,first_score,,,v3,7.8
2026-08-05,CVE-2021-47383,Linux,first_score,,,v3,7.8
2026-08-05,CVE-2021-47388,Linux,first_score,,,v3,8.8
2026-08-05,CVE-2021-47390,Linux,first_score,,,v3,8.8
2026-08-05,CVE-2021-47391,Linux,first_score,,,v3,7.8
2026-08-05,CVE-2021-47394,Linux,first_score,,,v3,7.8
2026-08-05,CVE-2021-47397,Linux,first_score,,,v3,7.5
2026-08-05,CVE-2021-47400,Linux,first_score,,,v3,7.8
2026-08-05,CVE-2021-47401,Linux,first_score,,,v3,7.1
2026-08-05,CVE-2021-47402,Linux,first_score,,,v3,7.8
2026-08-05,CVE-2021-47412,Linux,first_score,,,v3,7.8
2026-08-05,CVE-2021-47419,Linux,first_score,,,v3,7.8
2026-08-05,CVE-2021-47421,Linux,first_score,,,v3,7.8
2026-08-05,CVE-2021-47427,Linux,first_score,,,v3,9.8
2026-08-05,CVE-2021-47433,Linux,first_score,,,v3,8.1
2026-08-05,CVE-2021-47438,Linux,first_score,,,v3,7.1
2026-08-05,CVE-2021-47446,Linux,first_score,,,v3,7.8
2026-08-05,CVE-2021-47447,Linux,first_score,,,v3,7.8
2026-08-05,CVE-2021-47448,Linux,first_score,,,v3,7.5
2026-08-05,CVE-2021-47450,Linux,first_score,,,v3,8.8
2026-08-05,CVE-2021-47451,Linux,first_score,,,v3,7.8
2026-08-05,CVE-2021-47458,Linux,first_score,,,v3,7.1
2026-08-05,CVE-2021-47459,Linux,first_score,,,v3,7.8
2026-08-05,CVE-2021-47461,Linux,first_score,,,v3,7.8
2026-08-05,CVE-2021-47465,Linux,first_score,,,v3,7.1
2026-08-05,CVE-2021-47478,Linux,first_score,,,v3,9.1
2026-08-05,CVE-2021-47483,Linux,first_score,,,v3,7.8
2026-08-05,CVE-2021-47485,Linux,first_score,,,v3,7.8
2026-08-05,CVE-2021-47492,Linux,first_score,,,v3,7.8
2026-08-05,CVE-2021-47493,Linux,first_score,,,v3,7.8
2026-08-05,CVE-2021-47494,Linux,first_score,,,v3,7.8
2026-08-05,CVE-2021-47496,Linux,first_score,,,v3,9.8
2026-08-05,CVE-2021-47500,Linux,first_score,,,v3,7.8
2026-08-05,CVE-2021-47502,Linux,first_score,,,v3,7.8
2026-08-05,CVE-2021-47505,Linux,first_score,,,v3,7.8
2026-08-05,CVE-2021-47506,Linux,first_score,,,v3,9.8
2026-08-05,CVE-2021-47512,Linux,first_score,,,v3,7.8
2026-08-05,CVE-2021-47515,Linux,first_score,,,v3,7.5
2026-08-05,CVE-2021-47517,Linux,first_score,,,v3,7.8
2026-08-05,CVE-2021-47520,Linux,first_score,,,v3,8.8
2026-08-05,CVE-2021-47533,Linux,first_score,,,v3,7.8
2026-08-05,CVE-2021-47535,Linux,first_score,,,v3,7.8
2026-08-05,CVE-2021-47536,Linux,first_score,,,v3,9.8
2026-08-05,CVE-2021-47541,Linux,first_score,,,v3,7.8
2026-08-05,CVE-2021-47544,Linux,first_score,,,v3,9.8
2026-08-05,CVE-2021-47551,Linux,first_score,,,v3,7.8
2026-08-05,CVE-2021-47552,Linux,first_score,,,v3,7.8
2026-08-05,CVE-2021-47555,Linux,first_score,,,v3,7.8
2026-08-05,CVE-2021-47559,Linux,first_score,,,v3,7.5
2026-08-05,CVE-2021-47561,Linux,first_score,,,v3,7.8
2026-08-05,CVE-2021-47576,Linux,first_score,,,v3,7.8
2026-08-05,CVE-2021-47577,Linux,first_score,,,v3,7.8
2026-08-05,CVE-2021-47580,Linux,first_score,,,v3,7.1
2026-08-05,CVE-2021-47587,Linux,first_score,,,v3,9.8
2026-08-05,CVE-2021-47588,Linux,first_score,,,v3,7.8
2026-08-05,CVE-2021-47598,Linux,first_score,,,v3,7.8
2026-08-05,CVE-2021-47600,Linux,first_score,,,v3,7.8
2026-08-05,CVE-2021-47604,Linux,first_score,,,v3,7.1
2026-08-05,CVE-2021-47605,Linux,first_score,,,v3,7.8
2026-08-05,CVE-2021-47611,Linux,first_score,,,v3,8.1
2026-08-05,CVE-2021-47613,Linux,first_score,,,v3,7.8
2026-08-05,CVE-2021-47614,Linux,first_score,,,v3,7.8
2026-08-05,CVE-2021-47616,Linux,first_score,,,v3,7.8
2026-08-05,CVE-2021-47620,Linux,first_score,,,v3,8.1
2026-08-05,CVE-2021-47635,Linux,first_score,,,v3,7.8
2026-08-05,CVE-2021-47636,Linux,first_score,,,v3,7.1
2026-08-05,CVE-2021-47638,Linux,first_score,,,v3,7.8
2026-08-05,CVE-2021-47639,Linux,first_score,,,v3,7.8
2026-08-05,CVE-2021-47646,Linux,first_score,,,v3,7.8
2026-08-05,CVE-2021-47656,Linux,first_score,,,v3,7.8
2026-08-05,CVE-2021-47668,Linux,first_score,,,v3,8.8
2026-08-05,CVE-2021-47669,Linux,first_score,,,v3,7.8
2026-08-05,CVE-2021-47670,Linux,first_score,,,v3,8.8
2026-08-05,CVE-2022-21546,oracle,first_score,,,v3,7.5
2026-08-05,CVE-2022-48629,Linux,first_score,,,v3,8.1
2026-08-05,CVE-2022-48632,Linux,first_score,,,v3,7.8
2026-08-05,CVE-2022-48636,Linux,first_score,,,v3,7.8
2026-08-05,CVE-2022-48637,Linux,first_score,,,v3,7.8
2026-08-05,CVE-2022-48652,Linux,first_score,,,v3,8.8
2026-08-05,CVE-2022-48654,Linux,first_score,,,v3,7.1
2026-08-05,CVE-2022-48658,Linux,first_score,,,v3,7.5
2026-08-05,CVE-2022-48665,Linux,first_score,,,v3,7.1
2026-08-05,CVE-2022-48666,Linux,first_score,,,v3,9.8
2026-08-05,CVE-2022-48673,Linux,first_score,,,v3,9.8
2026-08-05,CVE-2022-48674,Linux,first_score,,,v3,7.8
2026-08-05,CVE-2022-48686,Linux,first_score,,,v3,9.8
2026-08-05,CVE-2022-48692,Linux,first_score,,,v3,7.5
2026-08-05,CVE-2022-48694,Linux,first_score,,,v3,7.5
2026-08-05,CVE-2022-48695,Linux,first_score,,,v3,7.8
2026-08-05,CVE-2022-48696,Linux,first_score,,,v3,7.1
2026-08-05,CVE-2022-48697,Linux,first_score,,,v3,9.8
2026-08-05,CVE-2022-48702,Linux,first_score,,,v3,7.8
2026-08-05,CVE-2022-48711,Linux,first_score,,,v3,9.8
2026-08-05,CVE-2022-48716,Linux,first_score,,,v3,7.8
2026-08-05,CVE-2022-48717,Linux,first_score,,,v3,7.1
2026-08-05,CVE-2022-48720,Linux,first_score,,,v3,7.8
2026-08-05,CVE-2022-48721,Linux,first_score,,,v3,7.8
2026-08-05,CVE-2022-48726,Linux,first_score,,,v3,7.8
2026-08-05,CVE-2022-48727,Linux,first_score,,,v3,7.3
2026-08-05,CVE-2022-48729,Linux,first_score,,,v3,7.8
2026-08-05,CVE-2022-48733,Linux,first_score,,,v3,7.8
2026-08-05,CVE-2022-48735,Linux,first_score,,,v3,7.8
2026-08-05,CVE-2022-48739,Linux,first_score,,,v3,7.1
2026-08-05,CVE-2022-48742,Linux,first_score,,,v3,7.8
2026-08-05,CVE-2022-48743,Linux,first_score,,,v3,8.1
2026-08-05,CVE-2022-48744,Linux,first_score,,,v3,7.5
2026-08-05,CVE-2022-48751,Linux,first_score,,,v3,7.8
2026-08-05,CVE-2022-48754,Linux,first_score,,,v3,7.8
2026-08-05,CVE-2022-48759,Linux,first_score,,,v3,7.8
2026-08-05,CVE-2022-48762,Linux,first_score,,,v3,7.8
2026-08-05,CVE-2022-48771,Linux,first_score,,,v3,7.8
2026-08-05,CVE-2022-48779,Linux,first_score,,,v3,7.8
2026-08-05,CVE-2022-48782,Linux,first_score,,,v3,8.8
2026-08-05,CVE-2022-48785,Linux,first_score,,,v3,8.8
2026-08-05,CVE-2022-48786,Linux,first_score,,,v3,7.8
2026-08-05,CVE-2022-48787,Linux,first_score,,,v3,7.8
2026-08-05,CVE-2022-48788,Linux,first_score,,,v3,9.8
2026-08-05,CVE-2022-48789,Linux,first_score,,,v3,9.8
2026-08-05,CVE-2022-48790,Linux,first_score,,,v3,9.8
2026-08-05,CVE-2022-48791,Linux,first_score,,,v3,7.8
2026-08-05,CVE-2022-48792,Linux,first_score,,,v3,7.8
2026-08-05,CVE-2022-48796,Linux,first_score,,,v3,7.8
2026-08-05,CVE-2022-48797,Linux,first_score,,,v3,7.1
2026-08-05,CVE-2022-48801,Linux,first_score,,,v3,7.8
2026-08-05,CVE-2022-48803,Linux,first_score,,,v3,7.3
2026-08-05,CVE-2022-48816,Linux,first_score,,,v3,7.8
2026-08-05,CVE-2022-48821,Linux,first_score,,,v3,7.8
2026-08-05,CVE-2022-48822,Linux,first_score,,,v3,7.8
2026-08-05,CVE-2022-48827,Linux,first_score,,,v3,7.5
2026-08-05,CVE-2022-48828,Linux,first_score,,,v3,9.1
2026-08-05,CVE-2022-48829,Linux,first_score,,,v3,9.1
2026-08-05,CVE-2022-48830,Linux,first_score,,,v3,8.8
2026-08-05,CVE-2022-48839,Linux,first_score,,,v3,7.8
2026-08-05,CVE-2022-48847,Linux,first_score,,,v3,7.8
2026-08-05,CVE-2022-48851,Linux,first_score,,,v3,9.8
2026-08-05,CVE-2022-48858,Linux,first_score,,,v3,7.0
2026-08-05,CVE-2022-48864,Linux,first_score,,,v3,8.8
2026-08-05,CVE-2022-48871,Linux,first_score,,,v3,8.8
2026-08-05,CVE-2022-48872,Linux,first_score,,,v3,7.8
2026-08-05,CVE-2022-48873,Linux,first_score,,,v3,7.8
2026-08-05,CVE-2022-48874,Linux,first_score,,,v3,7.8
2026-08-05,CVE-2022-48878,Linux,first_score,,,v3,7.8
2026-08-05,CVE-2022-48883,Linux,first_score,,,v3,7.8
2026-08-05,CVE-2022-48887,Linux,first_score,,,v3,7.8
2026-08-05,CVE-2022-48892,Linux,first_score,,,v3,7.8
2026-08-05,CVE-2022-48899,Linux,first_score,,,v3,7.8
2026-08-05,CVE-2022-48911,Linux,first_score,,,v3,7.8
2026-08-05,CVE-2022-48912,Linux,first_score,,,v3,7.8
2026-08-05,CVE-2022-48913,Linux,first_score,,,v3,7.8
2026-08-05,CVE-2022-48919,Linux,first_score,,,v3,8.8
2026-08-05,CVE-2022-48923,Linux,first_score,,,v3,7.8
2026-08-05,CVE-2022-48925,Linux,first_score,,,v3,7.8
2026-08-05,CVE-2022-48927,Linux,first_score,,,v3,7.8
2026-08-05,CVE-2022-48932,Linux,first_score,,,v3,7.8
2026-08-05,CVE-2022-48935,Linux,first_score,,,v3,7.8
2026-08-05,CVE-2022-48940,Linux,first_score,,,v3,7.8
2026-08-05,CVE-2022-48941,Linux,first_score,,,v3,8.8
2026-08-05,CVE-2022-48943,Linux,first_score,,,v3,7.1
2026-08-05,CVE-2022-48945,Linux,first_score,,,v3,7.8
2026-08-05,CVE-2022-48950,Linux,first_score,,,v3,7.8
2026-08-05,CVE-2022-48954,Linux,first_score,,,v3,8.8
2026-08-05,CVE-2022-48956,Linux,first_score,,,v3,7.8
2026-08-05,CVE-2022-48960,Linux,first_score,,,v3,8.8
2026-08-05,CVE-2022-48962,Linux,first_score,,,v3,8.8
2026-08-05,CVE-2022-48964,Linux,first_score,,,v3,8.8
2026-08-05,CVE-2022-48967,Linux,first_score,,,v3,8.8
2026-08-05,CVE-2022-48979,Linux,first_score,,,v3,7.8
2026-08-05,CVE-2022-48981,Linux,first_score,,,v3,7.8
2026-08-05,CVE-2022-48985,Linux,first_score,,,v3,9.8
2026-08-05,CVE-2022-48986,Linux,first_score,,,v3,7.8
2026-08-05,CVE-2022-48988,Linux,first_score,,,v3,7.8
2026-08-05,CVE-2022-48989,Linux,first_score,,,v3,7.8
2026-08-05,CVE-2022-48990,Linux,first_score,,,v3,7.8
2026-08-05,CVE-2022-48991,Linux,first_score,,,v3,8.8
2026-08-05,CVE-2022-48998,Linux,first_score,,,v3,7.8
2026-08-05,CVE-2022-48999,Linux,first_score,,,v3,7.1
2026-08-05,CVE-2022-49001,Linux,first_score,,,v3,7.0
2026-08-05,CVE-2022-49003,Linux,first_score,,,v3,9.8
2026-08-05,CVE-2022-49014,Linux,first_score,,,v3,7.8
2026-08-05,CVE-2022-49015,Linux,first_score,,,v3,8.8
2026-08-05,CVE-2022-49017,Linux,first_score,,,v3,8.8
2026-08-05,CVE-2022-49022,Linux,first_score,,,v3,8.1
2026-08-05,CVE-2022-49023,Linux,first_score,,,v3,7.1
2026-08-05,CVE-2022-49025,Linux,first_score,,,v3,7.8
2026-08-05,CVE-2022-49026,Linux,first_score,,,v3,7.8
2026-08-05,CVE-2022-49029,Linux,first_score,,,v3,7.8
2026-08-05,CVE-2022-49030,Linux,first_score,,,v3,7.8
2026-08-05,CVE-2022-49048,Linux,first_score,,,v3,7.5
2026-08-05,CVE-2022-49052,Linux,first_score,,,v3,7.1
2026-08-05,CVE-2022-49053,Linux,first_score,,,v3,7.8
2026-08-05,CVE-2022-49054,Linux,first_score,,,v3,7.1
2026-08-05,CVE-2022-49058,Linux,first_score,,,v3,9.1
2026-08-05,CVE-2022-49062,Linux,first_score,,,v3,7.8
2026-08-05,CVE-2022-49065,Linux,first_score,,,v3,7.5
2026-08-05,CVE-2022-49073,Linux,first_score,,,v3,7.8
2026-08-05,CVE-2022-49075,Linux,first_score,,,v3,8.1
2026-08-05,CVE-2022-49076,Linux,first_score,,,v3,7.8
2026-08-05,CVE-2022-49078,Linux,first_score,,,v3,7.8
2026-08-05,CVE-2022-49084,Linux,first_score,,,v3,7.5
2026-08-05,CVE-2022-49085,Linux,first_score,,,v3,7.8
2026-08-05,CVE-2022-49087,Linux,first_score,,,v3,7.8
2026-08-05,CVE-2022-49089,Linux,first_score,,,v3,7.8
2026-08-05,CVE-2022-49092,Linux,first_score,,,v3,7.1
2026-08-05,CVE-2022-49093,Linux,first_score,,,v3,9.8
2026-08-05,CVE-2022-49094,Linux,first_score,,,v3,9.8
2026-08-05,CVE-2022-49096,Linux,first_score,,,v3,7.8
2026-08-05,CVE-2022-49110,Linux,first_score,,,v3,7.5
2026-08-05,CVE-2022-49111,Linux,first_score,,,v3,8.8
2026-08-05,CVE-2022-49114,Linux,first_score,,,v3,8.8
2026-08-05,CVE-2022-49127,Linux,first_score,,,v3,7.0
2026-08-05,CVE-2022-49129,Linux,first_score,,,v3,7.8
2026-08-05,CVE-2022-49136,Linux,first_score,,,v3,7.8
2026-08-05,CVE-2022-49138,Linux,first_score,,,v3,8.8
2026-08-05,CVE-2022-49142,Linux,first_score,,,v3,7.5
2026-08-05,CVE-2022-49149,Linux,first_score,,,v3,9.8
2026-08-05,CVE-2022-49154,Linux,first_score,,,v3,7.8
2026-08-05,CVE-2022-49159,Linux,first_score,,,v3,8.8
2026-08-05,CVE-2022-49160,Linux,first_score,,,v3,7.5
2026-08-05,CVE-2022-49162,Linux,first_score,,,v3,7.8
2026-08-05,CVE-2022-49163,Linux,first_score,,,v3,7.1
2026-08-05,CVE-2022-49167,Linux,first_score,,,v3,7.8
2026-08-05,CVE-2022-49168,Linux,first_score,,,v3,7.8
2026-08-05,CVE-2022-49170,Linux,first_score,,,v3,7.8
2026-08-05,CVE-2022-49172,Linux,first_score,,,v3,7.8
2026-08-05,CVE-2022-49174,Linux,first_score,,,v3,7.8
2026-08-05,CVE-2022-49176,Linux,first_score,,,v3,7.8
2026-08-05,CVE-2022-49178,Linux,first_score,,,v3,7.8
2026-08-05,CVE-2022-49179,Linux,first_score,,,v3,7.8
2026-08-05,CVE-2022-49182,Linux,first_score,,,v3,7.8
2026-08-05,CVE-2022-49194,Linux,first_score,,,v3,9.8
2026-08-05,CVE-2022-49201,Linux,first_score,,,v3,9.8
2026-08-05,CVE-2022-49203,Linux,first_score,,,v3,7.8
2026-08-05,CVE-2022-49215,Linux,first_score,,,v3,7.8
2026-08-05,CVE-2022-49231,Linux,first_score,,,v3,7.8
2026-08-05,CVE-2022-49234,Linux,first_score,,,v3,7.8
2026-08-05,CVE-2022-49238,Linux,first_score,,,v3,8.8
2026-08-05,CVE-2022-49260,Linux,first_score,,,v3,9.8
2026-08-05,CVE-2022-49261,Linux,first_score,,,v3,7.8
2026-08-05,CVE-2022-49264,Linux,first_score,,,v3,7.8
2026-08-05,CVE-2022-49274,Linux,first_score,,,v3,7.8
2026-08-05,CVE-2022-49275,Linux,first_score,,,v3,7.8
2026-08-05,CVE-2022-49279,Linux,first_score,,,v3,8.2
2026-08-05,CVE-2022-49280,Linux,first_score,,,v3,9.8
2026-08-05,CVE-2022-49287,Linux,first_score,,,v3,7.0
2026-08-05,CVE-2022-49289,Linux,first_score,,,v3,7.8
2026-08-05,CVE-2022-49290,Linux,first_score,,,v3,7.8
2026-08-05,CVE-2022-49291,Linux,first_score,,,v3,7.8
2026-08-05,CVE-2022-49292,Linux,first_score,,,v3,7.8
2026-08-05,CVE-2022-49295,Linux,first_score,,,v3,7.0
2026-08-05,CVE-2022-49321,Linux,first_score,,,v3,7.5
2026-08-05,CVE-2022-49325,Linux,first_score,,,v3,7.5
2026-08-05,CVE-2022-49328,Linux,first_score,,,v3,8.8
2026-08-05,CVE-2022-49330,Linux,first_score,,,v3,7.5
2026-08-05,CVE-2022-49336,Linux,first_score,,,v3,7.8
2026-08-05,CVE-2022-49337,Linux,first_score,,,v3,7.8
2026-08-05,CVE-2022-49340,Linux,first_score,,,v3,7.1
2026-08-05,CVE-2022-49343,Linux,first_score,,,v3,7.8
2026-08-05,CVE-2022-49349,Linux,first_score,,,v3,7.8
2026-08-05,CVE-2022-49356,Linux,first_score,,,v3,9.8
2026-08-05,CVE-2022-49359,Linux,first_score,,,v3,7.8
2026-08-05,CVE-2022-49362,Linux,first_score,,,v3,9.8
2026-08-05,CVE-2022-49363,Linux,first_score,,,v3,7.8
2026-08-05,CVE-2022-49368,Linux,first_score,,,v3,7.1
2026-08-05,CVE-2022-49377,Linux,first_score,,,v3,7.8
2026-08-05,CVE-2022-49385,Linux,first_score,,,v3,7.8
2026-08-05,CVE-2022-49390,Linux,first_score,,,v3,7.8
2026-08-05,CVE-2022-49393,Linux,first_score,,,v3,7.8
2026-08-05,CVE-2022-49405,Linux,first_score,,,v3,7.8
2026-08-05,CVE-2022-49407,Linux,first_score,,,v3,9.8
2026-08-05,CVE-2022-49410,Linux,first_score,,,v3,7.8
2026-08-05,CVE-2022-49411,Linux,first_score,,,v3,7.8
2026-08-05,CVE-2022-49412,Linux,first_score,,,v3,7.8
2026-08-05,CVE-2022-49413,Linux,first_score,,,v3,7.8
2026-08-05,CVE-2022-49416,Linux,first_score,,,v3,8.8
2026-08-05,CVE-2022-49418,Linux,first_score,,,v3,9.8
2026-08-05,CVE-2022-49425,Linux,first_score,,,v3,7.8
2026-08-05,CVE-2022-49426,Linux,first_score,,,v3,7.8
2026-08-05,CVE-2022-49451,Linux,first_score,,,v3,8.4
2026-08-05,CVE-2022-49452,Linux,first_score,,,v3,7.5
2026-08-05,CVE-2022-49456,Linux,first_score,,,v3,7.8
2026-08-05,CVE-2022-49464,Linux,first_score,,,v3,7.8
2026-08-05,CVE-2022-49465,Linux,first_score,,,v3,7.8
2026-08-05,CVE-2022-49470,Linux,first_score,,,v3,8.8
2026-08-05,CVE-2022-49471,Linux,first_score,,,v3,8.8
2026-08-05,CVE-2022-49474,Linux,first_score,,,v3,7.8
2026-08-05,CVE-2022-49479,Linux,first_score,,,v3,8.8
2026-08-05,CVE-2022-49500,Linux,first_score,,,v3,8.8
2026-08-05,CVE-2022-49505,Linux,first_score,,,v3,7.8
2026-08-05,CVE-2022-49511,Linux,first_score,,,v3,7.8
2026-08-05,CVE-2022-49519,Linux,first_score,,,v3,8.8
2026-08-05,CVE-2022-49530,Linux,first_score,,,v3,7.8
2026-08-05,CVE-2022-49531,Linux,first_score,,,v3,7.8
2026-08-05,CVE-2022-49533,Linux,first_score,,,v3,7.8
2026-08-05,CVE-2022-49535,Linux,first_score,,,v3,8.8
2026-08-05,CVE-2022-49541,Linux,first_score,,,v3,7.8
2026-08-05,CVE-2022-49545,Linux,first_score,,,v3,7.8
2026-08-05,CVE-2022-49553,Linux,first_score,,,v3,7.8
2026-08-05,CVE-2022-49554,Linux,first_score,,,v3,7.8
2026-08-05,CVE-2022-49555,Linux,first_score,,,v3,7.8
2026-08-05,CVE-2022-49557,Linux,first_score,,,v3,7.8
2026-08-05,CVE-2022-49560,Linux,first_score,,,v3,7.8
2026-08-05,CVE-2022-49561,Linux,first_score,,,v3,9.8
2026-08-05,CVE-2022-49562,Linux,first_score,,,v3,7.8
2026-08-05,CVE-2022-49563,Linux,first_score,,,v3,7.8
2026-08-05,CVE-2022-49564,Linux,first_score,,,v3,7.8
2026-08-05,CVE-2022-49581,Linux,first_score,,,v3,7.8
2026-08-05,CVE-2022-49622,Linux,first_score,,,v3,7.8
2026-08-05,CVE-2022-49643,Linux,first_score,,,v3,7.1
2026-08-05,CVE-2022-49645,Linux,first_score,,,v3,7.8
2026-08-05,CVE-2022-49647,Linux,first_score,,,v3,7.8
2026-08-05,CVE-2022-49651,Linux,first_score,,,v3,7.8
2026-08-05,CVE-2022-49664,Linux,first_score,,,v3,7.5
2026-08-05,CVE-2022-49667,Linux,first_score,,,v3,7.8
2026-08-05,CVE-2022-49669,Linux,first_score,,,v3,7.8
2026-08-05,CVE-2022-49670,Linux,first_score,,,v3,7.5
2026-08-05,CVE-2022-49672,Linux,first_score,,,v3,7.8
2026-08-05,CVE-2022-49695,Linux,first_score,,,v3,7.8
2026-08-05,CVE-2022-49696,Linux,first_score,,,v3,7.8
2026-08-05,CVE-2022-49700,Linux,first_score,,,v3,7.8
2026-08-05,CVE-2022-49701,Linux,first_score,,,v3,7.8
2026-08-05,CVE-2022-49722,Linux,first_score,,,v3,7.8
2026-08-05,CVE-2022-49725,Linux,first_score,,,v3,7.8
2026-08-05,CVE-2022-49733,Linux,first_score,,,v3,7.8
2026-08-05,CVE-2022-49738,Linux,first_score,,,v3,7.1
2026-08-05,CVE-2022-49739,Linux,first_score,,,v3,7.1
2026-08-05,CVE-2022-49743,Linux,first_score,,,v3,7.5
2026-08-05,CVE-2022-49755,Linux,first_score,,,v3,7.8
2026-08-05,CVE-2022-49760,Linux,first_score,,,v3,7.8
2026-08-05,CVE-2022-49763,Linux,first_score,,,v3,7.8
2026-08-05,CVE-2022-49768,Linux,first_score,,,v3,7.5
2026-08-05,CVE-2022-49770,Linux,first_score,,,v3,9.8
2026-08-05,CVE-2022-49775,Linux,first_score,,,v3,7.8
2026-08-05,CVE-2022-49789,Linux,first_score,,,v3,7.0
2026-08-05,CVE-2022-49792,Linux,first_score,,,v3,7.3
2026-08-05,CVE-2022-49804,Linux,first_score,,,v3,7.8
2026-08-05,CVE-2022-49814,Linux,first_score,,,v3,7.8
2026-08-05,CVE-2022-49826,Linux,first_score,,,v3,7.8
2026-08-05,CVE-2022-49834,Linux,first_score,,,v3,7.8
2026-08-05,CVE-2022-49844,Linux,first_score,,,v3,7.1
2026-08-05,CVE-2022-49846,Linux,first_score,,,v3,7.8
2026-08-05,CVE-2022-49858,Linux,first_score,,,v3,7.8
2026-08-05,CVE-2022-49872,Linux,first_score,,,v3,7.5
2026-08-05,CVE-2022-49882,Linux,first_score,,,v3,7.8
2026-08-05,CVE-2022-49883,Linux,first_score,,,v3,7.1
2026-08-05,CVE-2022-49884,Linux,first_score,,,v3,7.8
2026-08-05,CVE-2022-49886,Linux,first_score,,,v3,8.4
2026-08-05,CVE-2022-49892,Linux,first_score,,,v3,7.8
2026-08-05,CVE-2022-49898,Linux,first_score,,,v3,7.8
2026-08-05,CVE-2022-49899,Linux,first_score,,,v3,7.8
2026-08-05,CVE-2022-49905,Linux,first_score,,,v3,7.8
2026-08-05,CVE-2022-49910,Linux,first_score,,,v3,8.8
2026-08-05,CVE-2022-49919,Linux,first_score,,,v3,7.8
2026-08-05,CVE-2022-49920,Linux,first_score,,,v3,7.8
2026-08-05,CVE-2022-49921,Linux,first_score,,,v3,7.8
2026-08-05,CVE-2022-49928,Linux,first_score,,,v3,7.5
2026-08-05,CVE-2022-49931,Linux,first_score,,,v3,8.8
2026-08-05,CVE-2022-49934,Linux,first_score,,,v3,8.8
2026-08-05,CVE-2022-49935,Linux,first_score,,,v3,7.8
2026-08-05,CVE-2022-49939,Linux,first_score,,,v3,7.8
2026-08-05,CVE-2022-49944,Linux,first_score,,,v3,7.8
2026-08-05,CVE-2022-49948,Linux,first_score,,,v3,7.8
2026-08-05,CVE-2022-49950,Linux,first_score,,,v3,7.8
2026-08-05,CVE-2022-49952,Linux,first_score,,,v3,7.8
2026-08-05,CVE-2022-49956,Linux,first_score,,,v3,7.0
2026-08-05,CVE-2022-49963,Linux,first_score,,,v3,7.8
2026-08-05,CVE-2022-49968,Linux,first_score,,,v3,8.0
2026-08-05,CVE-2022-49972,Linux,first_score,,,v3,7.8
2026-08-05,CVE-2022-49974,Linux,first_score,,,v3,8.8
2026-08-05,CVE-2022-49977,Linux,first_score,,,v3,7.8
2026-08-05,CVE-2022-49979,Linux,first_score,,,v3,7.8
2026-08-05,CVE-2022-49985,Linux,first_score,,,v3,7.8
2026-08-05,CVE-2022-49990,Linux,first_score,,,v3,7.8
2026-08-05,CVE-2022-49991,Linux,first_score,,,v3,7.8
2026-08-05,CVE-2022-49995,Linux,first_score,,,v3,7.8
2026-08-05,CVE-2022-49997,Linux,first_score,,,v3,7.5
2026-08-05,CVE-2022-49998,Linux,first_score,,,v3,7.8
2026-08-05,CVE-2022-49999,Linux,first_score,,,v3,7.8
2026-08-05,CVE-2022-50000,Linux,first_score,,,v3,7.8
2026-08-05,CVE-2022-50014,Linux,first_score,,,v3,7.8
2026-08-05,CVE-2022-50022,Linux,first_score,,,v3,7.8
2026-08-05,CVE-2022-50028,Linux,first_score,,,v3,7.8
2026-08-05,CVE-2022-50035,Linux,first_score,,,v3,7.8
2026-08-05,CVE-2022-50048,Linux,first_score,,,v3,7.8
2026-08-05,CVE-2022-50059,Linux,first_score,,,v3,7.5
2026-08-05,CVE-2022-50062,Linux,first_score,,,v3,7.5
2026-08-05,CVE-2022-50064,Linux,first_score,,,v3,7.8
2026-08-05,CVE-2022-50070,Linux,first_score,,,v3,7.8
2026-08-05,CVE-2022-50072,Linux,first_score,,,v3,7.8
2026-08-05,CVE-2022-50079,Linux,first_score,,,v3,7.0
2026-08-05,CVE-2022-50087,Linux,first_score,,,v3,7.8
2026-08-05,CVE-2022-50095,Linux,first_score,,,v3,7.8
2026-08-05,CVE-2022-50097,Linux,first_score,,,v3,7.1
2026-08-05,CVE-2022-50098,Linux,first_score,,,v3,8.8
2026-08-05,CVE-2022-50099,Linux,first_score,,,v3,7.8
2026-08-05,CVE-2022-50101,Linux,first_score,,,v3,7.8
2026-08-05,CVE-2022-50129,Linux,first_score,,,v3,7.0
2026-08-05,CVE-2022-50131,Linux,first_score,,,v3,7.8
2026-08-05,CVE-2022-50136,Linux,first_score,,,v3,7.5
2026-08-05,CVE-2022-50137,Linux,first_score,,,v3,7.8
2026-08-05,CVE-2022-50145,Linux,first_score,,,v3,7.8
2026-08-05,CVE-2022-50156,Linux,first_score,,,v3,7.8
2026-08-05,CVE-2022-50164,Linux,first_score,,,v3,8.8
2026-08-05,CVE-2022-50167,Linux,first_score,,,v3,7.8
2026-08-05,CVE-2022-50168,Linux,first_score,,,v3,7.8
2026-08-05,CVE-2022-50171,Linux,first_score,,,v3,7.5
2026-08-05,CVE-2022-50182,Linux,first_score,,,v3,7.8
2026-08-05,CVE-2022-50200,Linux,first_score,,,v3,7.8
2026-08-05,CVE-2022-50212,Linux,first_score,,,v3,7.8
2026-08-05,CVE-2022-50213,Linux,first_score,,,v3,7.8
2026-08-05,CVE-2022-50215,Linux,first_score,,,v3,7.8
2026-08-05,CVE-2022-50219,Linux,first_score,,,v3,7.8
2026-08-05,CVE-2022-50221,Linux,first_score,,,v3,7.8
2026-08-05,CVE-2022-50227,Linux,first_score,,,v3,7.8
2026-08-05,CVE-2022-50231,Linux,first_score,,,v3,7.1
2026-08-05,CVE-2022-50233,Linux,first_score,,,v3,7.8
2026-08-05,CVE-2022-50234,Linux,first_score,,,v3,7.8
2026-08-05,CVE-2022-50235,Linux,first_score,,,v3,9.8
2026-08-05,CVE-2022-50240,Linux,first_score,,,v3,7.8
2026-08-05,CVE-2022-50241,Linux,first_score,,,v3,8.8
2026-08-05,CVE-2022-50243,Linux,first_score,,,v3,7.8
2026-08-05,CVE-2022-50248,Linux,first_score,,,v3,7.8
2026-08-05,CVE-2022-50252,Linux,first_score,,,v3,7.8
2026-08-05,CVE-2022-50255,Linux,first_score,,,v3,7.8
2026-08-05,CVE-2022-50259,Linux,first_score,,,v3,7.8
2026-08-05,CVE-2022-50270,Linux,first_score,,,v3,7.1
2026-08-05,CVE-2022-50274,Linux,first_score,,,v3,7.8
2026-08-05,CVE-2022-50283,Linux,first_score,,,v3,7.8
2026-08-05,CVE-2022-50286,Linux,first_score,,,v3,7.8
2026-08-05,CVE-2022-50300,Linux,first_score,,,v3,7.8
2026-08-05,CVE-2022-50302,Linux,first_score,,,v3,7.5
2026-08-05,CVE-2022-50303,Linux,first_score,,,v3,7.8
2026-08-05,CVE-2022-50306,Linux,first_score,,,v3,7.1
2026-08-05,CVE-2022-50310,Linux,first_score,,,v3,7.8
2026-08-05,CVE-2022-50315,Linux,first_score,,,v3,7.8
2026-08-05,CVE-2022-50325,Linux,first_score,,,v3,7.8
2026-08-05,CVE-2022-50328,Linux,first_score,,,v3,7.8
2026-08-05,CVE-2022-50329,Linux,first_score,,,v3,7.8
2026-08-05,CVE-2022-50330,Linux,first_score,,,v3,7.1
2026-08-05,CVE-2022-50333,Linux,first_score,,,v3,7.8
2026-08-05,CVE-2022-50335,Linux,first_score,,,v3,9.8
2026-08-05,CVE-2022-50339,Linux,first_score,,,v3,7.8
2026-08-05,CVE-2022-50341,Linux,first_score,,,v3,7.8
2026-08-05,CVE-2022-50350,Linux,first_score,,,v3,9.8
2026-08-05,CVE-2022-50354,Linux,first_score,,,v3,7.8
2026-08-05,CVE-2022-50355,Linux,first_score,,,v3,7.8
2026-08-05,CVE-2022-50362,Linux,first_score,,,v3,7.8
2026-08-05,CVE-2022-50363,Linux,first_score,,,v3,9.8
2026-08-05,CVE-2022-50365,Linux,first_score,,,v3,7.5
2026-08-05,CVE-2022-50367,Linux,first_score,,,v3,7.8
2026-08-05,CVE-2022-50368,Linux,first_score,,,v3,7.8
2026-08-05,CVE-2022-50373,Linux,first_score,,,v3,9.8
2026-08-05,CVE-2022-50384,Linux,first_score,,,v3,7.8
2026-08-05,CVE-2022-50386,Linux,first_score,,,v3,8.8
2026-08-05,CVE-2022-50393,Linux,first_score,,,v3,7.8
2026-08-05,CVE-2022-50394,Linux,first_score,,,v3,7.8
2026-08-05,CVE-2022-50399,Linux,first_score,,,v3,7.8
2026-08-05,CVE-2022-50401,Linux,first_score,,,v3,9.8
2026-08-05,CVE-2022-50405,Linux,first_score,,,v3,7.8
2026-08-05,CVE-2022-50406,Linux,first_score,,,v3,7.8
2026-08-05,CVE-2022-50408,Linux,first_score,,,v3,7.8
2026-08-05,CVE-2022-50410,Linux,first_score,,,v3,9.8
2026-08-05,CVE-2022-50411,Linux,first_score,,,v3,7.8
2026-08-05,CVE-2022-50413,Linux,first_score,,,v3,8.8
2026-08-05,CVE-2022-50417,Linux,first_score,,,v3,7.8
2026-08-05,CVE-2022-50419,Linux,first_score,,,v3,8.8
2026-08-05,CVE-2022-50421,Linux,first_score,,,v3,7.8
2026-08-05,CVE-2022-50423,Linux,first_score,,,v3,7.8
2026-08-05,CVE-2022-50432,Linux,first_score,,,v3,7.8
2026-08-05,CVE-2022-50437,Linux,first_score,,,v3,7.8
2026-08-05,CVE-2022-50440,Linux,first_score,,,v3,7.8
2026-08-05,CVE-2022-50442,Linux,first_score,,,v3,8.4
2026-08-05,CVE-2022-50454,Linux,first_score,,,v3,7.8
2026-08-05,CVE-2022-50459,Linux,first_score,,,v3,7.8
2026-08-05,CVE-2022-50472,Linux,first_score,,,v3,7.5
2026-08-05,CVE-2022-50483,Linux,first_score,,,v3,7.5
2026-08-05,CVE-2022-50488,Linux,first_score,,,v3,7.8
2026-08-05,CVE-2022-50490,Linux,first_score,,,v3,7.1
2026-08-05,CVE-2022-50492,Linux,first_score,,,v3,7.8
2026-08-05,CVE-2022-50493,Linux,first_score,,,v3,8.8
2026-08-05,CVE-2022-50507,Linux,first_score,,,v3,7.8
2026-08-05,CVE-2022-50508,Linux,first_score,,,v3,7.1
2026-08-05,CVE-2022-50517,Linux,first_score,,,v3,7.8
2026-08-05,CVE-2022-50518,Linux,first_score,,,v3,7.8
2026-08-05,CVE-2022-50528,Linux,first_score,,,v3,7.8
2026-08-05,CVE-2022-50536,Linux,first_score,,,v3,7.8
2026-08-05,CVE-2022-50543,Linux,first_score,,,v3,7.8
2026-08-05,CVE-2022-50555,Linux,first_score,,,v3,7.8
2026-08-05,CVE-2022-50567,Linux,first_score,,,v3,7.8
2026-08-05,CVE-2022-50569,Linux,first_score,,,v3,7.8
2026-08-05,CVE-2022-50570,Linux,first_score,,,v3,7.8
2026-08-05,CVE-2022-50581,Linux,first_score,,,v3,7.8
2026-08-05,CVE-2022-50623,Linux,first_score,,,v3,7.8
2026-08-05,CVE-2022-50630,Linux,first_score,,,v3,7.8
2026-08-05,CVE-2022-50650,Linux,first_score,,,v3,7.8
2026-08-05,CVE-2022-50656,Linux,first_score,,,v3,8.1
2026-08-05,CVE-2022-50665,Linux,first_score,,,v3,7.1
2026-08-05,CVE-2022-50666,Linux,first_score,,,v3,9.8
2026-08-05,CVE-2022-50668,Linux,first_score,,,v3,7.5
2026-08-05,CVE-2022-50671,Linux,first_score,,,v3,7.5
2026-08-05,CVE-2022-50673,Linux,first_score,,,v3,7.8
2026-08-05,CVE-2022-50676,Linux,first_score,,,v3,7.5
2026-08-05,CVE-2022-50677,Linux,first_score,,,v3,7.0
2026-08-05,CVE-2022-50697,Linux,first_score,,,v3,7.8
2026-08-05,CVE-2022-50700,Linux,first_score,,,v3,7.5
2026-08-05,CVE-2022-50701,Linux,first_score,,,v3,7.1
2026-08-05,CVE-2022-50717,Linux,first_score,,,v3,9.8
2026-08-05,CVE-2022-50719,Linux,first_score,,,v3,7.8
2026-08-05,CVE-2022-50726,Linux,first_score,,,v3,7.8
2026-08-05,CVE-2022-50732,Linux,first_score,,,v3,8.8
2026-08-05,CVE-2022-50736,Linux,first_score,,,v3,7.1
2026-08-05,CVE-2022-50737,Linux,first_score,,,v3,7.8
2026-08-05,CVE-2022-50745,Linux,first_score,,,v3,7.8
2026-08-05,CVE-2022-50746,Linux,first_score,,,v3,8.4
2026-08-05,CVE-2022-50747,Linux,first_score,,,v3,7.8
2026-08-05,CVE-2022-50750,Linux,first_score,,,v3,7.8
2026-08-05,CVE-2022-50752,Linux,first_score,,,v3,7.8
2026-08-05,CVE-2022-50753,Linux,first_score,,,v3,7.8
2026-08-05,CVE-2022-50755,Linux,first_score,,,v3,7.8
2026-08-05,CVE-2022-50756,Linux,first_score,,,v3,7.8
2026-08-05,CVE-2022-50757,Linux,first_score,,,v3,7.8
2026-08-05,CVE-2022-50758,Linux,first_score,,,v3,7.8
2026-08-05,CVE-2022-50780,Linux,first_score,,,v3,7.8
2026-08-05,CVE-2022-50785,Linux,first_score,,,v3,7.8
2026-08-05,CVE-2022-50822,Linux,first_score,,,v3,7.8
2026-08-05,CVE-2022-50841,Linux,first_score,,,v3,7.8
2026-08-05,CVE-2022-50860,Linux,first_score,,,v3,7.8
2026-08-05,CVE-2022-50861,Linux,first_score,,,v3,7.5
2026-08-05,CVE-2022-50865,Linux,first_score,,,v3,7.5
2026-08-05,CVE-2022-50867,Linux,first_score,,,v3,7.8
2026-08-05,CVE-2022-50869,Linux,first_score,,,v3,7.8
2026-08-05,CVE-2022-50871,Linux,first_score,,,v3,7.8
2026-08-05,CVE-2022-50880,Linux,first_score,,,v3,8.8
2026-08-05,CVE-2022-50885,Linux,first_score,,,v3,7.5
2026-08-05,CVE-2023-32249,Linux,first_score,,,v3,9.1
2026-08-05,CVE-2023-3865,Linux,first_score,,,v3,8.1
2026-08-05,CVE-2023-3866,Linux,first_score,,,v3,7.5
2026-08-05,CVE-2023-3867,Linux,first_score,,,v3,9.1
2026-08-05,CVE-2023-4130,Linux,first_score,,,v3,8.1
2026-08-05,CVE-2023-4515,Linux,first_score,,,v3,9.1
2026-08-05,CVE-2023-52433,Linux,first_score,,,v3,7.8
2026-08-05,CVE-2023-52434,Linux,first_score,,,v3,8.1
2026-08-05,CVE-2023-52436,Linux,first_score,,,v3,7.8
2026-08-05,CVE-2023-52438,Linux,first_score,,,v3,7.8
2026-08-05,CVE-2023-52439,Linux,first_score,,,v3,7.8
2026-08-05,CVE-2023-52440,Linux,first_score,,,v3,9.8
2026-08-05,CVE-2023-52441,Linux,first_score,,,v3,9.1
2026-08-05,CVE-2023-52442,Linux,first_score,,,v3,9.1
2026-08-05,CVE-2023-52444,Linux,first_score,,,v3,7.8
2026-08-05,CVE-2023-52447,Linux,first_score,,,v3,7.8
2026-08-05,CVE-2023-52453,Linux,first_score,,,v3,7.1
2026-08-05,CVE-2023-52454,Linux,first_score,,,v3,7.5
2026-08-05,CVE-2023-52461,Linux,first_score,,,v3,7.8
2026-08-05,CVE-2023-52469,Linux,first_score,,,v3,7.8
2026-08-05,CVE-2023-52474,Linux,first_score,,,v3,7.8
2026-08-05,CVE-2023-52478,Linux,first_score,,,v3,8.8
2026-08-05,CVE-2023-52479,Linux,first_score,,,v3,8.8
2026-08-05,CVE-2023-52480,Linux,first_score,,,v3,9.8
2026-08-05,CVE-2023-52483,Linux,first_score,,,v3,7.8
2026-08-05,CVE-2023-52486,Linux,first_score,,,v3,7.8
2026-08-05,CVE-2023-52491,Linux,first_score,,,v3,7.8
2026-08-05,CVE-2023-52497,Linux,first_score,,,v3,7.1
2026-08-05,CVE-2023-52502,Linux,first_score,,,v3,8.8
2026-08-05,CVE-2023-52503,Linux,first_score,,,v3,7.8
2026-08-05,CVE-2023-52509,Linux,first_score,,,v3,7.8
2026-08-05,CVE-2023-52513,Linux,first_score,,,v3,7.5
2026-08-05,CVE-2023-52515,Linux,first_score,,,v3,9.8
2026-08-05,CVE-2023-52517,Linux,first_score,,,v3,7.8
2026-08-05,CVE-2023-52522,Linux,first_score,,,v3,8.8
2026-08-05,CVE-2023-52523,Linux,first_score,,,v3,7.8
2026-08-05,CVE-2023-52530,Linux,first_score,,,v3,8.8
2026-08-05,CVE-2023-52565,Linux,first_score,,,v3,7.1
2026-08-05,CVE-2023-52572,Linux,first_score,,,v3,7.8
2026-08-05,CVE-2023-52574,Linux,first_score,,,v3,7.8
2026-08-05,CVE-2023-52586,Linux,first_score,,,v3,7.8
2026-08-05,CVE-2023-52588,Linux,first_score,,,v3,7.3
2026-08-05,CVE-2023-52590,Linux,first_score,,,v3,7.8
2026-08-05,CVE-2023-52591,Linux,first_score,,,v3,7.8
2026-08-05,CVE-2023-52599,Linux,first_score,,,v3,7.8
2026-08-05,CVE-2023-52600,Linux,first_score,,,v3,7.8
2026-08-05,CVE-2023-52601,Linux,first_score,,,v3,7.8
2026-08-05,CVE-2023-52602,Linux,first_score,,,v3,7.8
2026-08-05,CVE-2023-52603,Linux,first_score,,,v3,7.8
2026-08-05,CVE-2023-52604,Linux,first_score,,,v3,7.8
2026-08-05,CVE-2023-52606,Linux,first_score,,,v3,7.8
2026-08-05,CVE-2023-52610,Linux,first_score,,,v3,7.5
2026-08-05,CVE-2023-52612,Linux,first_score,,,v3,7.8
2026-08-05,CVE-2023-52614,Linux,first_score,,,v3,7.8
2026-08-05,CVE-2023-52616,Linux,first_score,,,v3,7.8
2026-08-05,CVE-2023-52620,Linux,first_score,,,v3,7.8
2026-08-05,CVE-2023-52623,Linux,first_score,,,v3,7.8
2026-08-05,CVE-2023-52628,Linux,first_score,,,v3,7.8
2026-08-05,CVE-2023-52636,Linux,first_score,,,v3,8.2
2026-08-05,CVE-2023-52637,Linux,first_score,,,v3,7.8
2026-08-05,CVE-2023-52640,Linux,first_score,,,v3,7.1
2026-08-05,CVE-2023-52654,Linux,first_score,,,v3,7.8
2026-08-05,CVE-2023-52656,Linux,first_score,,,v3,7.8
2026-08-05,CVE-2023-52662,Linux,first_score,,,v3,7.8
2026-08-05,CVE-2023-52664,Linux,first_score,,,v3,7.8
2026-08-05,CVE-2023-52667,Linux,first_score,,,v3,7.8
2026-08-05,CVE-2023-52669,Linux,first_score,,,v3,8.2
2026-08-05,CVE-2023-52676,Linux,first_score,,,v3,7.8
2026-08-05,CVE-2023-52678,Linux,first_score,,,v3,7.8
2026-08-05,CVE-2023-52679,Linux,first_score,,,v3,7.8
2026-08-05,CVE-2023-52687,Linux,first_score,,,v3,9.8
2026-08-05,CVE-2023-52688,Linux,first_score,,,v3,7.8
2026-08-05,CVE-2023-52691,Linux,first_score,,,v3,7.8
2026-08-05,CVE-2023-52704,Linux,first_score,,,v3,7.8
2026-08-05,CVE-2023-52707,Linux,first_score,,,v3,7.8
2026-08-05,CVE-2023-52731,Linux,first_score,,,v3,7.8
2026-08-05,CVE-2023-52732,Linux,first_score,,,v3,9.8
2026-08-05,CVE-2023-52739,Linux,first_score,,,v3,7.8
2026-08-05,CVE-2023-52741,Linux,first_score,,,v3,9.8
2026-08-05,CVE-2023-52745,Linux,first_score,,,v3,7.8
2026-08-05,CVE-2023-52751,Linux,first_score,,,v3,7.8
2026-08-05,CVE-2023-52752,Linux,first_score,,,v3,7.8
2026-08-05,CVE-2023-52755,Linux,first_score,,,v3,9.8
2026-08-05,CVE-2023-52760,Linux,first_score,,,v3,7.8
2026-08-05,CVE-2023-52761,Linux,first_score,,,v3,7.8
2026-08-05,CVE-2023-52766,Linux,first_score,,,v3,7.8
2026-08-05,CVE-2023-52768,Linux,first_score,,,v3,7.8
2026-08-05,CVE-2023-52769,Linux,first_score,,,v3,8.8
2026-08-05,CVE-2023-52772,Linux,first_score,,,v3,7.8
2026-08-05,CVE-2023-52775,Linux,first_score,,,v3,8.2
2026-08-05,CVE-2023-52776,Linux,first_score,,,v3,8.8
2026-08-05,CVE-2023-52777,Linux,first_score,,,v3,7.8
2026-08-05,CVE-2023-52790,Linux,first_score,,,v3,8.8
2026-08-05,CVE-2023-52798,Linux,first_score,,,v3,8.8
2026-08-05,CVE-2023-52799,Linux,first_score,,,v3,7.8
2026-08-05,CVE-2023-52801,Linux,first_score,,,v3,8.8
2026-08-05,CVE-2023-52804,Linux,first_score,,,v3,7.8
2026-08-05,CVE-2023-52805,Linux,first_score,,,v3,7.8
2026-08-05,CVE-2023-52810,Linux,first_score,,,v3,7.8
2026-08-05,CVE-2023-52825,Linux,first_score,,,v3,7.8
2026-08-05,CVE-2023-52827,Linux,first_score,,,v3,7.7
2026-08-05,CVE-2023-52829,Linux,first_score,,,v3,8.4
2026-08-05,CVE-2023-52834,Linux,first_score,,,v3,7.5
2026-08-05,CVE-2023-52837,Linux,first_score,,,v3,7.8
2026-08-05,CVE-2023-52845,Linux,first_score,,,v3,7.1
2026-08-05,CVE-2023-52846,Linux,first_score,,,v3,8.8
2026-08-05,CVE-2023-52847,Linux,first_score,,,v3,7.8
2026-08-05,CVE-2023-52852,Linux,first_score,,,v3,7.8
2026-08-05,CVE-2023-52864,Linux,first_score,,,v3,7.0
2026-08-05,CVE-2023-52867,Linux,first_score,,,v3,7.1
2026-08-05,CVE-2023-52871,Linux,first_score,,,v3,7.1
2026-08-05,CVE-2023-52872,Linux,first_score,,,v3,7.8
2026-08-05,CVE-2023-52874,Linux,first_score,,,v3,7.1
2026-08-05,CVE-2023-52879,Linux,first_score,,,v3,7.8
2026-08-05,CVE-2023-52880,Linux,first_score,,,v3,7.8
2026-08-05,CVE-2023-52881,Linux,first_score,,,v3,9.8
2026-08-05,CVE-2023-52885,Linux,first_score,,,v3,8.1
2026-08-05,CVE-2023-52887,Linux,first_score,,,v3,7.5
2026-08-05,CVE-2023-52903,Linux,first_score,,,v3,7.8
2026-08-05,CVE-2023-52907,Linux,first_score,,,v3,7.8
2026-08-05,CVE-2023-52909,Linux,first_score,,,v3,7.5
2026-08-05,CVE-2023-52910,Linux,first_score,,,v3,8.8
2026-08-05,CVE-2023-52913,Linux,first_score,,,v3,7.8
2026-08-05,CVE-2023-52916,Linux,first_score,,,v3,7.8
2026-08-05,CVE-2023-52920,Linux,first_score,,,v3,7.8
2026-08-05,CVE-2023-52921,Linux,first_score,,,v3,7.8
2026-08-05,CVE-2023-52922,Linux,first_score,,,v3,7.8
2026-08-05,CVE-2023-52923,Linux,first_score,,,v3,7.8
2026-08-05,CVE-2023-52926,Linux,first_score,,,v3,7.8
2026-08-05,CVE-2023-52927,Linux,first_score,,,v3,7.8
2026-08-05,CVE-2023-52930,Linux,first_score,,,v3,7.8
2026-08-05,CVE-2023-52931,Linux,first_score,,,v3,7.8
2026-08-05,CVE-2023-52934,Linux,first_score,,,v3,7.8
2026-08-05,CVE-2023-52935,Linux,first_score,,,v3,7.8
2026-08-05,CVE-2023-52973,Linux,first_score,,,v3,7.8
2026-08-05,CVE-2023-52974,Linux,first_score,,,v3,7.8
2026-08-05,CVE-2023-52975,Linux,first_score,,,v3,7.8
2026-08-05,CVE-2023-52981,Linux,first_score,,,v3,7.8
2026-08-05,CVE-2023-52983,Linux,first_score,,,v3,7.8
2026-08-05,CVE-2023-52987,Linux,first_score,,,v3,7.8
2026-08-05,CVE-2023-52988,Linux,first_score,,,v3,7.8
2026-08-05,CVE-2023-52991,Linux,first_score,,,v3,7.5
2026-08-05,CVE-2023-52999,Linux,first_score,,,v3,7.8
2026-08-05,CVE-2023-53006,Linux,first_score,,,v3,9.8
2026-08-05,CVE-2023-53009,Linux,first_score,,,v3,7.8
2026-08-05,CVE-2023-53021,Linux,first_score,,,v3,7.8
2026-08-05,CVE-2023-53023,Linux,first_score,,,v3,7.8
2026-08-05,CVE-2023-53026,Linux,first_score,,,v3,7.8
2026-08-05,CVE-2023-53028,Linux,first_score,,,v3,7.8
2026-08-05,CVE-2023-53033,Linux,first_score,,,v3,7.8
2026-08-05,CVE-2023-53034,Linux,first_score,,,v3,7.1
2026-08-05,CVE-2023-53039,Linux,first_score,,,v3,7.8
2026-08-05,CVE-2023-53043,Linux,first_score,,,v3,7.8
2026-08-05,CVE-2023-53046,Linux,first_score,,,v3,7.8
2026-08-05,CVE-2023-53047,Linux,first_score,,,v3,7.8
2026-08-05,CVE-2023-53052,Linux,first_score,,,v3,7.8
2026-08-05,CVE-2023-53057,Linux,first_score,,,v3,7.8
2026-08-05,CVE-2023-53065,Linux,first_score,,,v3,7.8
2026-08-05,CVE-2023-53072,Linux,first_score,,,v3,7.8
2026-08-05,CVE-2023-53080,Linux,first_score,,,v3,7.8
2026-08-05,CVE-2023-53083,Linux,first_score,,,v3,9.8
2026-08-05,CVE-2023-53084,Linux,first_score,,,v3,7.8
2026-08-05,CVE-2023-53086,Linux,first_score,,,v3,8.8
2026-08-05,CVE-2023-53087,Linux,first_score,,,v3,7.8
2026-08-05,CVE-2023-53088,Linux,first_score,,,v3,7.8
2026-08-05,CVE-2023-53090,Linux,first_score,,,v3,7.8
2026-08-05,CVE-2023-53094,Linux,first_score,,,v3,7.8
2026-08-05,CVE-2023-53100,Linux,first_score,,,v3,7.8
2026-08-05,CVE-2023-53102,Linux,first_score,,,v3,7.8
2026-08-05,CVE-2023-53107,Linux,first_score,,,v3,7.8
2026-08-05,CVE-2023-53110,Linux,first_score,,,v3,7.5
2026-08-05,CVE-2023-53111,Linux,first_score,,,v3,7.8
2026-08-05,CVE-2023-53116,Linux,first_score,,,v3,9.8
2026-08-05,CVE-2023-53138,Linux,first_score,,,v3,7.8
2026-08-05,CVE-2023-53170,Linux,first_score,,,v3,7.8
2026-08-05,CVE-2023-53176,Linux,first_score,,,v3,7.8
2026-08-05,CVE-2023-53178,Linux,first_score,,,v3,7.8
2026-08-05,CVE-2023-53179,Linux,first_score,,,v3,7.8
2026-08-05,CVE-2023-53184,Linux,first_score,,,v3,7.8
2026-08-05,CVE-2023-53186,Linux,first_score,,,v3,8.1
2026-08-05,CVE-2023-53187,Linux,first_score,,,v3,7.8
2026-08-05,CVE-2023-53189,Linux,first_score,,,v3,7.8
2026-08-05,CVE-2023-53192,Linux,first_score,,,v3,9.8
2026-08-05,CVE-2023-53194,Linux,first_score,,,v3,8.4
2026-08-05,CVE-2023-53205,Linux,first_score,,,v3,7.3
2026-08-05,CVE-2023-53213,Linux,first_score,,,v3,8.1
2026-08-05,CVE-2023-53214,Linux,first_score,,,v3,7.0
2026-08-05,CVE-2023-53216,Linux,first_score,,,v3,7.8
2026-08-05,CVE-2023-53219,Linux,first_score,,,v3,7.8
2026-08-05,CVE-2023-53222,Linux,first_score,,,v3,7.8
2026-08-05,CVE-2023-53226,Linux,first_score,,,v3,8.8
2026-08-05,CVE-2023-53229,Linux,first_score,,,v3,7.1
2026-08-05,CVE-2023-53236,Linux,first_score,,,v3,7.8
2026-08-05,CVE-2023-53242,Linux,first_score,,,v3,7.1
2026-08-05,CVE-2023-53252,Linux,first_score,,,v3,7.8
2026-08-05,CVE-2023-53253,Linux,first_score,,,v3,8.8
2026-08-05,CVE-2023-53254,Linux,first_score,,,v3,7.8
2026-08-05,CVE-2023-53257,Linux,first_score,,,v3,7.1
2026-08-05,CVE-2023-53263,Linux,first_score,,,v3,7.8
2026-08-05,CVE-2023-53274,Linux,first_score,,,v3,7.8
2026-08-05,CVE-2023-53285,Linux,first_score,,,v3,7.1
2026-08-05,CVE-2023-53286,Linux,first_score,,,v3,7.8
2026-08-05,CVE-2023-53297,Linux,first_score,,,v3,8.8
2026-08-05,CVE-2023-53305,Linux,first_score,,,v3,8.8
2026-08-05,CVE-2023-53311,Linux,first_score,,,v3,7.8
2026-08-05,CVE-2023-53314,Linux,first_score,,,v3,7.8
2026-08-05,CVE-2023-53315,Linux,first_score,,,v3,8.8
2026-08-05,CVE-2023-53321,Linux,first_score,,,v3,7.1
2026-08-05,CVE-2023-53322,Linux,first_score,,,v3,8.8
2026-08-05,CVE-2023-53331,Linux,first_score,,,v3,7.8
2026-08-05,CVE-2023-53333,Linux,first_score,,,v3,8.2
2026-08-05,CVE-2023-53335,Linux,first_score,,,v3,7.5
2026-08-05,CVE-2023-53338,Linux,first_score,,,v3,9.8
2026-08-05,CVE-2023-53340,Linux,first_score,,,v3,7.8
2026-08-05,CVE-2023-53354,Linux,first_score,,,v3,7.8
2026-08-05,CVE-2023-53358,Linux,first_score,,,v3,8.8
2026-08-05,CVE-2023-53360,Linux,first_score,,,v3,9.8
2026-08-05,CVE-2023-53372,Linux,first_score,,,v3,8.2
2026-08-05,CVE-2023-53373,Linux,first_score,,,v3,7.8
2026-08-05,CVE-2023-53374,Linux,first_score,,,v3,8.8
2026-08-05,CVE-2023-53376,Linux,first_score,,,v3,7.8
2026-08-05,CVE-2023-53377,Linux,first_score,,,v3,7.8
2026-08-05,CVE-2023-53378,Linux,first_score,,,v3,7.8
2026-08-05,CVE-2023-53381,Linux,first_score,,,v3,7.5
2026-08-05,CVE-2023-53382,Linux,first_score,,,v3,9.8
2026-08-05,CVE-2023-53386,Linux,first_score,,,v3,7.8
2026-08-05,CVE-2023-53387,Linux,first_score,,,v3,7.8
2026-08-05,CVE-2023-53388,Linux,first_score,,,v3,7.8
2026-08-05,CVE-2023-53394,Linux,first_score,,,v3,7.8
2026-08-05,CVE-2023-53398,Linux,first_score,,,v3,7.8
2026-08-05,CVE-2023-53399,Linux,first_score,,,v3,7.5
2026-08-05,CVE-2023-53420,Linux,first_score,,,v3,7.1
2026-08-05,CVE-2023-53426,Linux,first_score,,,v3,7.8
2026-08-05,CVE-2023-53429,Linux,first_score,,,v3,7.8
2026-08-05,CVE-2023-53431,Linux,first_score,,,v3,8.8
2026-08-05,CVE-2023-53432,Linux,first_score,,,v3,8.8
2026-08-05,CVE-2023-53440,Linux,first_score,,,v3,7.8
2026-08-05,CVE-2023-53445,Linux,first_score,,,v3,7.8
2026-08-05,CVE-2023-53454,Linux,first_score,,,v3,8.8
2026-08-05,CVE-2023-53462,Linux,first_score,,,v3,7.1
2026-08-05,CVE-2023-53463,Linux,first_score,,,v3,7.5
2026-08-05,CVE-2023-53465,Linux,first_score,,,v3,7.8
2026-08-05,CVE-2023-53473,Linux,first_score,,,v3,7.8
2026-08-05,CVE-2023-53474,Linux,first_score,,,v3,7.8
2026-08-05,CVE-2023-53478,Linux,first_score,,,v3,7.8
2026-08-05,CVE-2023-53481,Linux,first_score,,,v3,7.8
2026-08-05,CVE-2023-53484,Linux,first_score,,,v3,7.8
2026-08-05,CVE-2023-53485,Linux,first_score,,,v3,7.8
2026-08-05,CVE-2023-53486,Linux,first_score,,,v3,7.8
2026-08-05,CVE-2023-53490,Linux,first_score,,,v3,7.8
2026-08-05,CVE-2023-53491,Linux,first_score,,,v3,7.5
2026-08-05,CVE-2023-53492,Linux,first_score,,,v3,7.8
2026-08-05,CVE-2023-53493,Linux,first_score,,,v3,8.4
2026-08-05,CVE-2023-53494,Linux,first_score,,,v3,7.8
2026-08-05,CVE-2023-53495,Linux,first_score,,,v3,7.8
2026-08-05,CVE-2023-53499,Linux,first_score,,,v3,7.0
2026-08-05,CVE-2023-53500,Linux,first_score,,,v3,7.3
2026-08-05,CVE-2023-53504,Linux,first_score,,,v3,7.8
2026-08-05,CVE-2023-53506,Linux,first_score,,,v3,7.8
2026-08-05,CVE-2023-53510,Linux,first_score,,,v3,7.8
2026-08-05,CVE-2023-53517,Linux,first_score,,,v3,9.8
2026-08-05,CVE-2023-53518,Linux,first_score,,,v3,7.8
2026-08-05,CVE-2023-53520,Linux,first_score,,,v3,7.8
2026-08-05,CVE-2023-53526,Linux,first_score,,,v3,7.8
2026-08-05,CVE-2023-53531,Linux,first_score,,,v3,7.8
2026-08-05,CVE-2023-53535,Linux,first_score,,,v3,7.1
2026-08-05,CVE-2023-53536,Linux,first_score,,,v3,7.8
2026-08-05,CVE-2023-53537,Linux,first_score,,,v3,7.8
2026-08-05,CVE-2023-53539,Linux,first_score,,,v3,7.8
2026-08-05,CVE-2023-53540,Linux,first_score,,,v3,7.1
2026-08-05,CVE-2023-53545,Linux,first_score,,,v3,7.8
2026-08-05,CVE-2023-53552,Linux,first_score,,,v3,7.8
2026-08-05,CVE-2023-53554,Linux,first_score,,,v3,7.8
2026-08-05,CVE-2023-53556,Linux,first_score,,,v3,7.8
2026-08-05,CVE-2023-53557,Linux,first_score,,,v3,7.8
2026-08-05,CVE-2023-53559,Linux,first_score,,,v3,7.8
2026-08-05,CVE-2023-53560,Linux,first_score,,,v3,7.8
2026-08-05,CVE-2023-53566,Linux,first_score,,,v3,7.8
2026-08-05,CVE-2023-53570,Linux,first_score,,,v3,7.8
2026-08-05,CVE-2023-53572,Linux,first_score,,,v3,7.0
2026-08-05,CVE-2023-53577,Linux,first_score,,,v3,7.8
2026-08-05,CVE-2023-53580,Linux,first_score,,,v3,7.8
2026-08-05,CVE-2023-53586,Linux,first_score,,,v3,8.8
2026-08-05,CVE-2023-53587,Linux,first_score,,,v3,7.8
2026-08-05,CVE-2023-53589,Linux,first_score,,,v3,8.8
2026-08-05,CVE-2023-53597,Linux,first_score,,,v3,7.5
2026-08-05,CVE-2023-53598,Linux,first_score,,,v3,8.4
2026-08-05,CVE-2023-53599,Linux,first_score,,,v3,7.8
2026-08-05,CVE-2023-53600,Linux,first_score,,,v3,9.1
2026-08-05,CVE-2023-53606,Linux,first_score,,,v3,7.5
2026-08-05,CVE-2023-53608,Linux,first_score,,,v3,7.8
2026-08-05,CVE-2023-53609,Linux,first_score,,,v3,7.8
2026-08-05,CVE-2023-53615,Linux,first_score,,,v3,8.8
2026-08-05,CVE-2023-53616,Linux,first_score,,,v3,7.8
2026-08-05,CVE-2023-53619,Linux,first_score,,,v3,7.8
2026-08-05,CVE-2023-53626,Linux,first_score,,,v3,7.8
2026-08-05,CVE-2023-53627,Linux,first_score,,,v3,7.8
2026-08-05,CVE-2023-53629,Linux,first_score,,,v3,9.8
2026-08-05,CVE-2023-53630,Linux,first_score,,,v3,8.8
2026-08-05,CVE-2023-53635,Linux,first_score,,,v3,8.2
2026-08-05,CVE-2023-53638,Linux,first_score,,,v3,7.0
2026-08-05,CVE-2023-53640,Linux,first_score,,,v3,7.3
2026-08-05,CVE-2023-53643,Linux,first_score,,,v3,7.8
2026-08-05,CVE-2023-53645,Linux,first_score,,,v3,7.8
2026-08-05,CVE-2023-53646,Linux,first_score,,,v3,7.8
2026-08-05,CVE-2023-53651,Linux,first_score,,,v3,7.8
2026-08-05,CVE-2023-53659,Linux,first_score,,,v3,7.8
2026-08-05,CVE-2023-53660,Linux,first_score,,,v3,7.8
2026-08-05,CVE-2023-53669,Linux,first_score,,,v3,7.8
2026-08-05,CVE-2023-53673,Linux,first_score,,,v3,8.8
2026-08-05,CVE-2023-53674,Linux,first_score,,,v3,7.8
2026-08-05,CVE-2023-53675,Linux,first_score,,,v3,8.8
2026-08-05,CVE-2023-53676,Linux,first_score,,,v3,8.8
2026-08-05,CVE-2023-53679,Linux,first_score,,,v3,8.3
2026-08-05,CVE-2023-53680,Linux,first_score,,,v3,7.5
2026-08-05,CVE-2023-53683,Linux,first_score,,,v3,7.8
2026-08-05,CVE-2023-53692,Linux,first_score,,,v3,7.8
2026-08-05,CVE-2023-53695,Linux,first_score,,,v3,7.8
2026-08-05,CVE-2023-53698,Linux,first_score,,,v3,7.8
2026-08-05,CVE-2023-53705,Linux,first_score,,,v3,8.2
2026-08-05,CVE-2023-53707,Linux,first_score,,,v3,7.8
2026-08-05,CVE-2023-53711,Linux,first_score,,,v3,8.2
2026-08-05,CVE-2023-53713,Linux,first_score,,,v3,7.8
2026-08-05,CVE-2023-53718,Linux,first_score,,,v3,7.8
2026-08-05,CVE-2023-53726,Linux,first_score,,,v3,7.1
2026-08-05,CVE-2023-53729,Linux,first_score,,,v3,7.8
2026-08-05,CVE-2023-53733,Linux,first_score,,,v3,7.8
2026-08-05,CVE-2023-53747,Linux,first_score,,,v3,7.8
2026-08-05,CVE-2023-53748,Linux,first_score,,,v3,7.1
2026-08-05,CVE-2023-53751,Linux,first_score,,,v3,9.8
2026-08-05,CVE-2023-53752,Linux,first_score,,,v3,7.8
2026-08-05,CVE-2023-53753,Linux,first_score,,,v3,7.8
2026-08-05,CVE-2023-53759,Linux,first_score,,,v3,7.8
2026-08-05,CVE-2023-53762,Linux,first_score,,,v3,8.8
2026-08-05,CVE-2023-53763,Linux,first_score,,,v3,7.8
2026-08-05,CVE-2023-53764,Linux,first_score,,,v3,8.8
2026-08-05,CVE-2023-53768,Linux,first_score,,,v3,7.8
2026-08-05,CVE-2023-53769,Linux,first_score,,,v3,9.3
2026-08-05,CVE-2023-53778,Linux,first_score,,,v3,7.8
2026-08-05,CVE-2023-53781,Linux,first_score,,,v3,7.8
2026-08-05,CVE-2023-53785,Linux,first_score,,,v3,8.8
2026-08-05,CVE-2023-53790,Linux,first_score,,,v3,7.8
2026-08-05,CVE-2023-53794,Linux,first_score,,,v3,9.8
2026-08-05,CVE-2023-53795,Linux,first_score,,,v3,7.8
2026-08-05,CVE-2023-53797,Linux,first_score,,,v3,7.1
2026-08-05,CVE-2023-53800,Linux,first_score,,,v3,7.8
2026-08-05,CVE-2023-53803,Linux,first_score,,,v3,8.1
2026-08-05,CVE-2023-53804,Linux,first_score,,,v3,7.8
2026-08-05,CVE-2023-53806,Linux,first_score,,,v3,7.8
2026-08-05,CVE-2023-53810,Linux,first_score,,,v3,7.8
2026-08-05,CVE-2023-53816,Linux,first_score,,,v3,7.8
2026-08-05,CVE-2023-53817,Linux,first_score,,,v3,7.5
2026-08-05,CVE-2023-53819,Linux,first_score,,,v3,7.8
2026-08-05,CVE-2023-53822,Linux,first_score,,,v3,8.8
2026-08-05,CVE-2023-53823,Linux,first_score,,,v3,7.8
2026-08-05,CVE-2023-53824,Linux,first_score,,,v3,7.8
2026-08-05,CVE-2023-53827,Linux,first_score,,,v3,8.8
2026-08-05,CVE-2023-53828,Linux,first_score,,,v3,7.8
2026-08-05,CVE-2023-53829,Linux,first_score,,,v3,7.8
2026-08-05,CVE-2023-53836,Linux,first_score,,,v3,7.8
2026-08-05,CVE-2023-53838,Linux,first_score,,,v3,7.8
2026-08-05,CVE-2023-53844,Linux,first_score,,,v3,7.8
2026-08-05,CVE-2023-53846,Linux,first_score,,,v3,7.8
2026-08-05,CVE-2023-53851,Linux,first_score,,,v3,8.4
2026-08-05,CVE-2023-53860,Linux,first_score,,,v3,7.8
2026-08-05,CVE-2023-53862,Linux,first_score,,,v3,7.8
2026-08-05,CVE-2023-53866,Linux,first_score,,,v3,7.8
2026-08-05,CVE-2023-53867,Linux,first_score,,,v3,9.8
2026-08-05,CVE-2023-53986,Linux,first_score,,,v3,8.6
2026-08-05,CVE-2023-53988,Linux,first_score,,,v3,7.8
2026-08-05,CVE-2023-53990,Linux,first_score,,,v3,7.8
2026-08-05,CVE-2023-53996,Linux,first_score,,,v3,9.3
2026-08-05,CVE-2023-53997,Linux,first_score,,,v3,7.8
2026-08-05,CVE-2023-54004,Linux,first_score,,,v3,7.5
2026-08-05,CVE-2023-54012,Linux,first_score,,,v3,7.8
2026-08-05,CVE-2023-54019,Linux,first_score,,,v3,7.8
2026-08-05,CVE-2023-54026,Linux,first_score,,,v3,7.8
2026-08-05,CVE-2023-54035,Linux,first_score,,,v3,7.8
2026-08-05,CVE-2023-54040,Linux,first_score,,,v3,8.8
2026-08-05,CVE-2023-54042,Linux,first_score,,,v3,7.8
2026-08-05,CVE-2023-54043,Linux,first_score,,,v3,8.8
2026-08-05,CVE-2023-54046,Linux,first_score,,,v3,7.8
2026-08-05,CVE-2023-54048,Linux,first_score,,,v3,7.8
2026-08-05,CVE-2023-54050,Linux,first_score,,,v3,7.8
2026-08-05,CVE-2023-54060,Linux,first_score,,,v3,8.8
2026-08-05,CVE-2023-54062,Linux,first_score,,,v3,7.8
2026-08-05,CVE-2023-54063,Linux,first_score,,,v3,7.8
2026-08-05,CVE-2023-54065,Linux,first_score,,,v3,7.8
2026-08-05,CVE-2023-54067,Linux,first_score,,,v3,7.8
2026-08-05,CVE-2023-54068,Linux,first_score,,,v3,7.8
2026-08-05,CVE-2023-54071,Linux,first_score,,,v3,8.8
2026-08-05,CVE-2023-54074,Linux,first_score,,,v3,7.8
2026-08-05,CVE-2023-54076,Linux,first_score,,,v3,9.8
2026-08-05,CVE-2023-54077,Linux,first_score,,,v3,7.8
2026-08-05,CVE-2023-54079,Linux,first_score,,,v3,7.8
2026-08-05,CVE-2023-54083,Linux,first_score,,,v3,7.8
2026-08-05,CVE-2023-54085,Linux,first_score,,,v3,7.5
2026-08-05,CVE-2023-54088,Linux,first_score,,,v3,7.8
2026-08-05,CVE-2023-54090,Linux,first_score,,,v3,9.8
2026-08-05,CVE-2023-54092,Linux,first_score,,,v3,8.8
2026-08-05,CVE-2023-54094,Linux,first_score,,,v3,9.8
2026-08-05,CVE-2023-54095,Linux,first_score,,,v3,7.0
2026-08-05,CVE-2023-54096,Linux,first_score,,,v3,7.8
2026-08-05,CVE-2023-54098,Linux,first_score,,,v3,7.3
2026-08-05,CVE-2023-54100,Linux,first_score,,,v3,7.8
2026-08-05,CVE-2023-54104,Linux,first_score,,,v3,7.8
2026-08-05,CVE-2023-54107,Linux,first_score,,,v3,7.8
2026-08-05,CVE-2023-54116,Linux,first_score,,,v3,7.8
2026-08-05,CVE-2023-54120,Linux,first_score,,,v3,8.8
2026-08-05,CVE-2023-54121,Linux,first_score,,,v3,7.8
2026-08-05,CVE-2023-54124,Linux,first_score,,,v3,7.8
2026-08-05,CVE-2023-54125,Linux,first_score,,,v3,7.8
2026-08-05,CVE-2023-54127,Linux,first_score,,,v3,7.8
2026-08-05,CVE-2023-54128,Linux,first_score,,,v3,7.8
2026-08-05,CVE-2023-54129,Linux,first_score,,,v3,7.1
2026-08-05,CVE-2023-54130,Linux,first_score,,,v3,7.8
2026-08-05,CVE-2023-54132,Linux,first_score,,,v3,7.8
2026-08-05,CVE-2023-54135,Linux,first_score,,,v3,7.8
2026-08-05,CVE-2023-54139,Linux,first_score,,,v3,7.8
2026-08-05,CVE-2023-54140,Linux,first_score,,,v3,7.8
2026-08-05,CVE-2023-54142,Linux,first_score,,,v3,7.8
2026-08-05,CVE-2023-54149,Linux,first_score,,,v3,7.5
2026-08-05,CVE-2023-54151,Linux,first_score,,,v3,7.8
2026-08-05,CVE-2023-54153,Linux,first_score,,,v3,7.8
2026-08-05,CVE-2023-54156,Linux,first_score,,,v3,7.8
2026-08-05,CVE-2023-54157,Linux,first_score,,,v3,7.8
2026-08-05,CVE-2023-54162,Linux,first_score,,,v3,8.8
2026-08-05,CVE-2023-54164,Linux,first_score,,,v3,8.0
2026-08-05,CVE-2023-54165,Linux,first_score,,,v3,7.8
2026-08-05,CVE-2023-54166,Linux,first_score,,,v3,7.8
2026-08-05,CVE-2023-54168,Linux,first_score,,,v3,7.8
2026-08-05,CVE-2023-54173,Linux,first_score,,,v3,7.8
2026-08-05,CVE-2023-54182,Linux,first_score,,,v3,7.1
2026-08-05,CVE-2023-54184,Linux,first_score,,,v3,9.8
2026-08-05,CVE-2023-54186,Linux,first_score,,,v3,7.8
2026-08-05,CVE-2023-54187,Linux,first_score,,,v3,7.8
2026-08-05,CVE-2023-54193,Linux,first_score,,,v3,7.8
2026-08-05,CVE-2023-54198,Linux,first_score,,,v3,7.8
2026-08-05,CVE-2023-54200,Linux,first_score,,,v3,7.8
2026-08-05,CVE-2023-54201,Linux,first_score,,,v3,7.8
2026-08-05,CVE-2023-54202,Linux,first_score,,,v3,7.8
2026-08-05,CVE-2023-54203,Linux,first_score,,,v3,9.1
2026-08-05,CVE-2023-54206,Linux,first_score,,,v3,7.8
2026-08-05,CVE-2023-54210,Linux,first_score,,,v3,7.8
2026-08-05,CVE-2023-54214,Linux,first_score,,,v3,8.8
2026-08-05,CVE-2023-54216,Linux,first_score,,,v3,7.8
2026-08-05,CVE-2023-54219,Linux,first_score,,,v3,7.5
2026-08-05,CVE-2023-54220,Linux,first_score,,,v3,7.8
2026-08-05,CVE-2023-54223,Linux,first_score,,,v3,9.8
2026-08-05,CVE-2023-54227,Linux,first_score,,,v3,7.5
2026-08-05,CVE-2023-54234,Linux,first_score,,,v3,7.8
2026-08-05,CVE-2023-54237,Linux,first_score,,,v3,9.8
2026-08-05,CVE-2023-54238,Linux,first_score,,,v3,7.8
2026-08-05,CVE-2023-54243,Linux,first_score,,,v3,7.8
2026-08-05,CVE-2023-54250,Linux,first_score,,,v3,8.2
2026-08-05,CVE-2023-54254,Linux,first_score,,,v3,7.8
2026-08-05,CVE-2023-54257,Linux,first_score,,,v3,9.8
2026-08-05,CVE-2023-54258,Linux,first_score,,,v3,9.8
2026-08-05,CVE-2023-54262,Linux,first_score,,,v3,8.8
2026-08-05,CVE-2023-54269,Linux,first_score,,,v3,9.8
2026-08-05,CVE-2023-54280,Linux,first_score,,,v3,9.8
2026-08-05,CVE-2023-54284,Linux,first_score,,,v3,7.1
2026-08-05,CVE-2023-54285,Linux,first_score,,,v3,7.1
2026-08-05,CVE-2023-54286,Linux,first_score,,,v3,7.6
2026-08-05,CVE-2023-54292,Linux,first_score,,,v3,9.8
2026-08-05,CVE-2023-54303,Linux,first_score,,,v3,7.8
2026-08-05,CVE-2023-54306,Linux,first_score,,,v3,7.5
2026-08-05,CVE-2023-54308,Linux,first_score,,,v3,7.8
2026-08-05,CVE-2023-54310,Linux,first_score,,,v3,7.8
2026-08-05,CVE-2023-54317,Linux,first_score,,,v3,7.8
2026-08-05,CVE-2023-54318,Linux,first_score,,,v3,8.8
2026-08-05,CVE-2023-54325,Linux,first_score,,,v3,7.1
2026-08-05,CVE-2023-54326,Linux,first_score,,,v3,7.8
2026-08-05,CVE-2023-7324,Linux,first_score,,,v3,8.1
2026-08-05,CVE-2024-26581,Linux,first_score,,,v3,7.8
2026-08-05,CVE-2024-26582,Linux,first_score,,,v3,9.8
2026-08-05,CVE-2024-26583,Linux,first_score,,,v3,9.8
2026-08-05,CVE-2024-26584,Linux,first_score,,,v3,9.8
2026-08-05,CVE-2024-26585,Linux,first_score,,,v3,9.8
2026-08-05,CVE-2024-26586,Linux,first_score,,,v3,7.8
2026-08-05,CVE-2024-26589,Linux,first_score,,,v3,7.8
2026-08-05,CVE-2024-26592,Linux,first_score,,,v3,9.8
2026-08-05,CVE-2024-26594,Linux,first_score,,,v3,9.1
2026-08-05,CVE-2024-26597,Linux,first_score,,,v3,7.8
2026-08-05,CVE-2024-26598,Linux,first_score,,,v3,8.8
2026-08-05,CVE-2024-26601,Linux,first_score,,,v3,7.8
2026-08-05,CVE-2024-26608,Linux,first_score,,,v3,7.8
2026-08-05,CVE-2024-26610,Linux,first_score,,,v3,7.8
2026-08-05,CVE-2024-26611,Linux,first_score,,,v3,7.5
2026-08-05,CVE-2024-26614,Linux,first_score,,,v3,7.8
2026-08-05,CVE-2024-26617,Linux,first_score,,,v3,7.8
2026-08-05,CVE-2024-26620,Linux,first_score,,,v3,8.2
2026-08-05,CVE-2024-26621,Linux,first_score,,,v3,8.2
2026-08-05,CVE-2024-26623,Linux,first_score,,,v3,7.8
2026-08-05,CVE-2024-26625,Linux,first_score,,,v3,7.8
2026-08-05,CVE-2024-26626,Linux,first_score,,,v3,7.5
2026-08-05,CVE-2024-26630,Linux,first_score,,,v3,7.1
2026-08-05,CVE-2024-26631,Linux,first_score,,,v3,7.8
2026-08-05,CVE-2024-26632,Linux,first_score,,,v3,7.8
2026-08-05,CVE-2024-26637,Linux,first_score,,,v3,7.8
2026-08-05,CVE-2024-26640,Linux,first_score,,,v3,7.8
2026-08-05,CVE-2024-26641,Linux,first_score,,,v3,8.6
2026-08-05,CVE-2024-26642,Linux,first_score,,,v3,7.8
2026-08-05,CVE-2024-26643,Linux,first_score,,,v3,7.8
2026-08-05,CVE-2024-26646,Linux,first_score,,,v3,7.8
2026-08-05,CVE-2024-26654,Linux,first_score,,,v3,7.8
2026-08-05,CVE-2024-26656,Linux,first_score,,,v3,7.8
2026-08-05,CVE-2024-26659,Linux,first_score,,,v3,7.8
2026-08-05,CVE-2024-26660,Linux,first_score,,,v3,7.0
2026-08-05,CVE-2024-26663,Linux,first_score,,,v3,7.8
2026-08-05,CVE-2024-26664,Linux,first_score,,,v3,7.8
2026-08-05,CVE-2024-26665,Linux,first_score,,,v3,9.1
2026-08-05,CVE-2024-26666,Linux,first_score,,,v3,7.1
2026-08-05,CVE-2024-26689,Linux,first_score,,,v3,8.8
2026-08-05,CVE-2024-26690,Linux,first_score,,,v3,7.5
2026-08-05,CVE-2024-26692,Linux,first_score,,,v3,8.3
2026-08-05,CVE-2024-26697,Linux,first_score,,,v3,7.8
2026-08-05,CVE-2024-26699,Linux,first_score,,,v3,7.8
2026-08-05,CVE-2024-26704,Linux,first_score,,,v3,7.8
2026-08-05,CVE-2024-26706,Linux,first_score,,,v3,7.8
2026-08-05,CVE-2024-26712,Linux,first_score,,,v3,7.8
2026-08-05,CVE-2024-26718,Linux,first_score,,,v3,7.8
2026-08-05,CVE-2024-26728,Linux,first_score,,,v3,7.8
2026-08-05,CVE-2024-26730,Linux,first_score,,,v3,7.3
2026-08-05,CVE-2024-26734,Linux,first_score,,,v3,7.0
2026-08-05,CVE-2024-26736,Linux,first_score,,,v3,8.1
2026-08-05,CVE-2024-26737,Linux,first_score,,,v3,7.8
2026-08-05,CVE-2024-26739,Linux,first_score,,,v3,7.8
2026-08-05,CVE-2024-26748,Linux,first_score,,,v3,7.8
2026-08-05,CVE-2024-26759,Linux,first_score,,,v3,7.8
2026-08-05,CVE-2024-26760,Linux,first_score,,,v3,9.8
2026-08-05,CVE-2024-26762,Linux,first_score,,,v3,7.8
2026-08-05,CVE-2024-26763,Linux,first_score,,,v3,7.1
2026-08-05,CVE-2024-26766,Linux,first_score,,,v3,7.8
2026-08-05,CVE-2024-26768,Linux,first_score,,,v3,7.2
2026-08-05,CVE-2024-26769,Linux,first_score,,,v3,7.5
2026-08-05,CVE-2024-26772,Linux,first_score,,,v3,7.8
2026-08-05,CVE-2024-26773,Linux,first_score,,,v3,7.8
2026-08-05,CVE-2024-26779,Linux,first_score,,,v3,8.8
2026-08-05,CVE-2024-26782,Linux,first_score,,,v3,9.8
2026-08-05,CVE-2024-26786,Linux,first_score,,,v3,7.8
2026-08-05,CVE-2024-26789,Linux,first_score,,,v3,7.8
2026-08-05,CVE-2024-26792,Linux,first_score,,,v3,7.8
2026-08-05,CVE-2024-26793,Linux,first_score,,,v3,7.8
2026-08-05,CVE-2024-26795,Linux,first_score,,,v3,7.8
2026-08-05,CVE-2024-26797,Linux,first_score,,,v3,7.8
2026-08-05,CVE-2024-26799,Linux,first_score,,,v3,7.0
2026-08-05,CVE-2024-26800,Linux,first_score,,,v3,9.8
2026-08-05,CVE-2024-26801,Linux,first_score,,,v3,8.8
2026-08-05,CVE-2024-26802,Linux,first_score,,,v3,7.8
2026-08-05,CVE-2024-26804,Linux,first_score,,,v3,7.8
2026-08-05,CVE-2024-26807,Linux,first_score,,,v3,7.8
2026-08-05,CVE-2024-26808,Linux,first_score,,,v3,7.8
2026-08-05,CVE-2024-26809,Linux,first_score,,,v3,7.8
2026-08-05,CVE-2024-26810,Linux,first_score,,,v3,7.8
2026-08-05,CVE-2024-26811,Linux,first_score,,,v3,9.8
2026-08-05,CVE-2024-26812,Linux,first_score,,,v3,7.8
2026-08-05,CVE-2024-26815,Linux,first_score,,,v3,7.8
2026-08-05,CVE-2024-26822,Linux,first_score,,,v3,8.7
2026-08-05,CVE-2024-26823,Linux,first_score,,,v3,7.8
2026-08-05,CVE-2024-26824,Linux,first_score,,,v3,7.8
2026-08-05,CVE-2024-26826,Linux,first_score,,,v3,7.5
2026-08-05,CVE-2024-26828,Linux,first_score,,,v3,9.4
2026-08-05,CVE-2024-26830,Linux,first_score,,,v3,8.4
2026-08-05,CVE-2024-26834,Linux,first_score,,,v3,7.5
2026-08-05,CVE-2024-26838,Linux,first_score,,,v3,7.8
2026-08-05,CVE-2024-26845,Linux,first_score,,,v3,7.5
2026-08-05,CVE-2024-26851,Linux,first_score,,,v3,7.5
2026-08-05,CVE-2024-26852,Linux,first_score,,,v3,7.8
2026-08-05,CVE-2024-26853,Linux,first_score,,,v3,9.8
2026-08-05,CVE-2024-26856,Linux,first_score,,,v3,8.8
2026-08-05,CVE-2024-26857,Linux,first_score,,,v3,7.3
2026-08-05,CVE-2024-26864,Linux,first_score,,,v3,7.8
2026-08-05,CVE-2024-26865,Linux,first_score,,,v3,7.8
2026-08-05,CVE-2024-26868,Linux,first_score,,,v3,7.5
2026-08-05,CVE-2024-26869,Linux,first_score,,,v3,7.8
2026-08-05,CVE-2024-26870,Linux,first_score,,,v3,7.8
2026-08-05,CVE-2024-26872,Linux,first_score,,,v3,7.8
2026-08-05,CVE-2024-26877,Linux,first_score,,,v3,9.8
2026-08-05,CVE-2024-26880,Linux,first_score,,,v3,7.8
2026-08-05,CVE-2024-26881,Linux,first_score,,,v3,7.5
2026-08-05,CVE-2024-26882,Linux,first_score,,,v3,7.3
2026-08-05,CVE-2024-26883,Linux,first_score,,,v3,7.8
2026-08-05,CVE-2024-26884,Linux,first_score,,,v3,7.8
2026-08-05,CVE-2024-26885,Linux,first_score,,,v3,7.8
2026-08-05,CVE-2024-26890,Linux,first_score,,,v3,7.8
2026-08-05,CVE-2024-26895,Linux,first_score,,,v3,7.8
2026-08-05,CVE-2024-26898,Linux,first_score,,,v3,7.8
2026-08-05,CVE-2024-26909,Linux,first_score,,,v3,7.0
2026-08-05,CVE-2024-26911,Linux,first_score,,,v3,7.8
2026-08-05,CVE-2024-26914,Linux,first_score,,,v3,7.8
2026-08-05,CVE-2024-26919,Linux,first_score,,,v3,7.8
2026-08-05,CVE-2024-26921,Linux,first_score,,,v3,7.8
2026-08-05,CVE-2024-26922,Linux,first_score,,,v3,7.8
2026-08-05,CVE-2024-26923,Linux,first_score,,,v3,7.8
2026-08-05,CVE-2024-26924,Linux,first_score,,,v3,7.8
2026-08-05,CVE-2024-26925,Linux,first_score,,,v3,7.8
2026-08-05,CVE-2024-26926,Linux,first_score,,,v3,7.8
2026-08-05,CVE-2024-26930,Linux,first_score,,,v3,7.0
2026-08-05,CVE-2024-26931,Linux,first_score,,,v3,8.8
2026-08-05,CVE-2024-26936,Linux,first_score,,,v3,8.2
2026-08-05,CVE-2024-26939,Linux,first_score,,,v3,7.8
2026-08-05,CVE-2024-26944,Linux,first_score,,,v3,7.8
2026-08-05,CVE-2024-26950,Linux,first_score,,,v3,7.8
2026-08-05,CVE-2024-26951,Linux,first_score,,,v3,7.8
2026-08-05,CVE-2024-26952,Linux,first_score,,,v3,8.3
2026-08-05,CVE-2024-26953,Linux,first_score,,,v3,9.8
2026-08-05,CVE-2024-26954,Linux,first_score,,,v3,8.1
2026-08-05,CVE-2024-26957,Linux,first_score,,,v3,7.8
2026-08-05,CVE-2024-26958,Linux,first_score,,,v3,7.8
2026-08-05,CVE-2024-26960,Linux,first_score,,,v3,7.0
2026-08-05,CVE-2024-26961,Linux,first_score,,,v3,7.0
2026-08-05,CVE-2024-26965,Linux,first_score,,,v3,7.3
2026-08-05,CVE-2024-26966,Linux,first_score,,,v3,7.8
2026-08-05,CVE-2024-26967,Linux,first_score,,,v3,7.3
2026-08-05,CVE-2024-26968,Linux,first_score,,,v3,7.3
2026-08-05,CVE-2024-26969,Linux,first_score,,,v3,7.3
2026-08-05,CVE-2024-26971,Linux,first_score,,,v3,7.3
2026-08-05,CVE-2024-26974,Linux,first_score,,,v3,7.8
2026-08-05,CVE-2024-26976,Linux,first_score,,,v3,7.8
2026-08-05,CVE-2024-26980,Linux,first_score,,,v3,8.2
2026-08-05,CVE-2024-26983,Linux,first_score,,,v3,7.8
2026-08-05,CVE-2024-26990,Linux,first_score,,,v3,8.8
2026-08-05,CVE-2024-26992,Linux,first_score,,,v3,7.3
2026-08-05,CVE-2024-26994,Linux,first_score,,,v3,7.8
2026-08-05,CVE-2024-26996,Linux,first_score,,,v3,7.8
2026-08-05,CVE-2024-27005,Linux,first_score,,,v3,7.8
2026-08-05,CVE-2024-27007,Linux,first_score,,,v3,7.8
2026-08-05,CVE-2024-27012,Linux,first_score,,,v3,7.8
2026-08-05,CVE-2024-27016,Linux,first_score,,,v3,7.1
2026-08-05,CVE-2024-27017,Linux,first_score,,,v3,7.8
2026-08-05,CVE-2024-27018,Linux,first_score,,,v3,8.2
2026-08-05,CVE-2024-27019,Linux,first_score,,,v3,7.8
2026-08-05,CVE-2024-27020,Linux,first_score,,,v3,7.8
2026-08-05,CVE-2024-27022,Linux,first_score,,,v3,7.8
2026-08-05,CVE-2024-27026,Linux,first_score,,,v3,7.5
2026-08-05,CVE-2024-27029,Linux,first_score,,,v3,7.1
2026-08-05,CVE-2024-27030,Linux,first_score,,,v3,7.8
2026-08-05,CVE-2024-27034,Linux,first_score,,,v3,7.8
2026-08-05,CVE-2024-27035,Linux,first_score,,,v3,7.3
2026-08-05,CVE-2024-27043,Linux,first_score,,,v3,7.8
2026-08-05,CVE-2024-27045,Linux,first_score,,,v3,7.0
2026-08-05,CVE-2024-27050,Linux,first_score,,,v3,7.8
2026-08-05,CVE-2024-27052,Linux,first_score,,,v3,7.8
2026-08-05,CVE-2024-27053,Linux,first_score,,,v3,8.8
2026-08-05,CVE-2024-27056,Linux,first_score,,,v3,7.8
2026-08-05,CVE-2024-27058,Linux,first_score,,,v3,7.8
2026-08-05,CVE-2024-27061,Linux,first_score,,,v3,7.8
2026-08-05,CVE-2024-27062,Linux,first_score,,,v3,7.8
2026-08-05,CVE-2024-27066,Linux,first_score,,,v3,7.5
2026-08-05,CVE-2024-27070,Linux,first_score,,,v3,7.1
2026-08-05,CVE-2024-27073,Linux,first_score,,,v3,7.8
2026-08-05,CVE-2024-27388,Linux,first_score,,,v3,9.8
2026-08-05,CVE-2024-27389,Linux,first_score,,,v3,7.8
2026-08-05,CVE-2024-27392,Linux,first_score,,,v3,7.8
2026-08-05,CVE-2024-27393,Linux,first_score,,,v3,7.5
2026-08-05,CVE-2024-27394,Linux,first_score,,,v3,7.8
2026-08-05,CVE-2024-27395,Linux,first_score,,,v3,7.8
2026-08-05,CVE-2024-27396,Linux,first_score,,,v3,7.8
2026-08-05,CVE-2024-27397,Linux,first_score,,,v3,7.8
2026-08-05,CVE-2024-27398,Linux,first_score,,,v3,8.0
2026-08-05,CVE-2024-27400,Linux,first_score,,,v3,7.8
2026-08-05,CVE-2024-27401,Linux,first_score,,,v3,7.8
2026-08-05,CVE-2024-27403,Linux,first_score,,,v3,7.8
2026-08-05,CVE-2024-27404,Linux,first_score,,,v3,8.2
2026-08-05,CVE-2024-27407,Linux,first_score,,,v3,7.8
2026-08-05,CVE-2024-27408,Linux,first_score,,,v3,7.8
2026-08-05,CVE-2024-27409,Linux,first_score,,,v3,7.8
2026-08-05,CVE-2024-27410,Linux,first_score,,,v3,7.8
2026-08-05,CVE-2024-27411,Linux,first_score,,,v3,7.8
2026-08-05,CVE-2024-27414,Linux,first_score,,,v3,7.8
2026-08-05,CVE-2024-27415,Linux,first_score,,,v3,8.8
2026-08-05,CVE-2024-27416,Linux,first_score,,,v3,8.8
2026-08-05,CVE-2024-27431,Linux,first_score,,,v3,7.8
2026-08-05,CVE-2024-27434,Linux,first_score,,,v3,7.1
2026-08-05,CVE-2024-27435,Linux,first_score,,,v3,7.5
2026-08-05,CVE-2024-32936,Linux,first_score,,,v3,7.8
2026-08-05,CVE-2024-33619,Linux,first_score,,,v3,7.8
2026-08-05,CVE-2024-33847,Linux,first_score,,,v3,7.1
2026-08-05,CVE-2024-34027,Linux,first_score,,,v3,7.8
2026-08-05,CVE-2024-35785,Linux,first_score,,,v3,7.8
2026-08-05,CVE-2024-35787,Linux,first_score,,,v3,7.8
2026-08-05,CVE-2024-35789,Linux,first_score,,,v3,8.0
2026-08-05,CVE-2024-35791,Linux,first_score,,,v3,7.8
2026-08-05,CVE-2024-35792,Linux,first_score,,,v3,7.8
2026-08-05,CVE-2024-35793,Linux,first_score,,,v3,7.8
2026-08-05,CVE-2024-35797,Linux,first_score,,,v3,7.1
2026-08-05,CVE-2024-35798,Linux,first_score,,,v3,7.8
2026-08-05,CVE-2024-35804,Linux,first_score,,,v3,8.8
2026-08-05,CVE-2024-35808,Linux,first_score,,,v3,7.8
2026-08-05,CVE-2024-35810,Linux,first_score,,,v3,7.8
2026-08-05,CVE-2024-35811,Linux,first_score,,,v3,8.8
2026-08-05,CVE-2024-35813,Linux,first_score,,,v3,7.8
2026-08-05,CVE-2024-35814,Linux,first_score,,,v3,7.8
2026-08-05,CVE-2024-35817,Linux,first_score,,,v3,7.8
2026-08-05,CVE-2024-35827,Linux,first_score,,,v3,7.8
2026-08-05,CVE-2024-35830,Linux,first_score,,,v3,7.8
2026-08-05,CVE-2024-35834,Linux,first_score,,,v3,8.2
2026-08-05,CVE-2024-35835,Linux,first_score,,,v3,7.8
2026-08-05,CVE-2024-35839,Linux,first_score,,,v3,7.8
2026-08-05,CVE-2024-35843,Linux,first_score,,,v3,8.8
2026-08-05,CVE-2024-35847,Linux,first_score,,,v3,7.8
2026-08-05,CVE-2024-35848,Linux,first_score,,,v3,7.0
2026-08-05,CVE-2024-35854,Linux,first_score,,,v3,7.8
2026-08-05,CVE-2024-35855,Linux,first_score,,,v3,7.8
2026-08-05,CVE-2024-35856,Linux,first_score,,,v3,8.8
2026-08-05,CVE-2024-35857,Linux,first_score,,,v3,7.5
2026-08-05,CVE-2024-35858,Linux,first_score,,,v3,7.8
2026-08-05,CVE-2024-35860,Linux,first_score,,,v3,7.8
2026-08-05,CVE-2024-35861,Linux,first_score,,,v3,9.8
2026-08-05,CVE-2024-35862,Linux,first_score,,,v3,9.8
2026-08-05,CVE-2024-35863,Linux,first_score,,,v3,9.8
2026-08-05,CVE-2024-35864,Linux,first_score,,,v3,9.8
2026-08-05,CVE-2024-35865,Linux,first_score,,,v3,9.8
2026-08-05,CVE-2024-35867,Linux,first_score,,,v3,7.8
2026-08-05,CVE-2024-35869,Linux,first_score,,,v3,9.8
2026-08-05,CVE-2024-35870,Linux,first_score,,,v3,9.8
2026-08-05,CVE-2024-35872,Linux,first_score,,,v3,7.8
2026-08-05,CVE-2024-35874,Linux,first_score,,,v3,7.8
2026-08-05,CVE-2024-35875,Linux,first_score,,,v3,8.4
2026-08-05,CVE-2024-35879,Linux,first_score,,,v3,7.8
2026-08-05,CVE-2024-35880,Linux,first_score,,,v3,7.8
2026-08-05,CVE-2024-35882,Linux,first_score,,,v3,7.5
2026-08-05,CVE-2024-35884,Linux,first_score,,,v3,9.8
2026-08-05,CVE-2024-35887,Linux,first_score,,,v3,8.8
2026-08-05,CVE-2024-35888,Linux,first_score,,,v3,7.3
2026-08-05,CVE-2024-35889,Linux,first_score,,,v3,8.6
2026-08-05,CVE-2024-35890,Linux,first_score,,,v3,7.8
2026-08-05,CVE-2024-35891,Linux,first_score,,,v3,7.5
2026-08-05,CVE-2024-35894,Linux,first_score,,,v3,7.8
2026-08-05,CVE-2024-35896,Linux,first_score,,,v3,7.1
2026-08-05,CVE-2024-35897,Linux,first_score,,,v3,7.8
2026-08-05,CVE-2024-35898,Linux,first_score,,,v3,7.0
2026-08-05,CVE-2024-35899,Linux,first_score,,,v3,7.3
2026-08-05,CVE-2024-35901,Linux,first_score,,,v3,7.5
2026-08-05,CVE-2024-35905,Linux,first_score,,,v3,7.8
2026-08-05,CVE-2024-35910,Linux,first_score,,,v3,7.8
2026-08-05,CVE-2024-35913,Linux,first_score,,,v3,7.1
2026-08-05,CVE-2024-35914,Linux,first_score,,,v3,7.5
2026-08-05,CVE-2024-35915,Linux,first_score,,,v3,8.8
2026-08-05,CVE-2024-35919,Linux,first_score,,,v3,7.8
2026-08-05,CVE-2024-35920,Linux,first_score,,,v3,7.8
2026-08-05,CVE-2024-35921,Linux,first_score,,,v3,7.8
2026-08-05,CVE-2024-35924,Linux,first_score,,,v3,7.1
2026-08-05,CVE-2024-35931,Linux,first_score,,,v3,7.8
2026-08-05,CVE-2024-35932,Linux,first_score,,,v3,7.8
2026-08-05,CVE-2024-35937,Linux,first_score,,,v3,8.1
2026-08-05,CVE-2024-35939,Linux,first_score,,,v3,9.3
2026-08-05,CVE-2024-35948,Linux,first_score,,,v3,7.8
2026-08-05,CVE-2024-35949,Linux,first_score,,,v3,7.8
2026-08-05,CVE-2024-35950,Linux,first_score,,,v3,7.8
2026-08-05,CVE-2024-35951,Linux,first_score,,,v3,7.8
2026-08-05,CVE-2024-35954,Linux,first_score,,,v3,7.8
2026-08-05,CVE-2024-35958,Linux,first_score,,,v3,7.8
2026-08-05,CVE-2024-35962,Linux,first_score,,,v3,7.1
2026-08-05,CVE-2024-35963,Linux,first_score,,,v3,7.1
2026-08-05,CVE-2024-35967,Linux,first_score,,,v3,7.1
2026-08-05,CVE-2024-35968,Linux,first_score,,,v3,7.8
2026-08-05,CVE-2024-35969,Linux,first_score,,,v3,8.8
2026-08-05,CVE-2024-35971,Linux,first_score,,,v3,7.5
2026-08-05,CVE-2024-35976,Linux,first_score,,,v3,7.1
2026-08-05,CVE-2024-35979,Linux,first_score,,,v3,7.8
2026-08-05,CVE-2024-35980,Linux,first_score,,,v3,8.4
2026-08-05,CVE-2024-35986,Linux,first_score,,,v3,7.0
2026-08-05,CVE-2024-35987,Linux,first_score,,,v3,8.4
2026-08-05,CVE-2024-35990,Linux,first_score,,,v3,7.8
2026-08-05,CVE-2024-35993,Linux,first_score,,,v3,7.8
2026-08-05,CVE-2024-35994,Linux,first_score,,,v3,7.8
2026-08-05,CVE-2024-35998,Linux,first_score,,,v3,7.5
2026-08-05,CVE-2024-35999,Linux,first_score,,,v3,7.5
2026-08-05,CVE-2024-36001,Linux,first_score,,,v3,7.8
2026-08-05,CVE-2024-36007,Linux,first_score,,,v3,7.8
2026-08-05,CVE-2024-36009,Linux,first_score,,,v3,7.8
2026-08-05,CVE-2024-36012,Linux,first_score,,,v3,7.8
2026-08-05,CVE-2024-36013,Linux,first_score,,,v3,8.8
2026-08-05,CVE-2024-36016,Linux,first_score,,,v3,7.8
2026-08-05,CVE-2024-36018,Linux,first_score,,,v3,7.8
2026-08-05,CVE-2024-36019,Linux,first_score,,,v3,7.8
2026-08-05,CVE-2024-36020,Linux,first_score,,,v3,7.8
2026-08-05,CVE-2024-36027,Linux,first_score,,,v3,7.1
2026-08-05,CVE-2024-36032,Linux,first_score,,,v3,8.1
2026-08-05,CVE-2024-36286,Linux,first_score,,,v3,7.8
2026-08-05,CVE-2024-36288,Linux,first_score,,,v3,9.8
2026-08-05,CVE-2024-36476,Linux,first_score,,,v3,9.8
2026-08-05,CVE-2024-36477,Linux,first_score,,,v3,7.8
2026-08-05,CVE-2024-36880,Linux,first_score,,,v3,7.8
2026-08-05,CVE-2024-36883,Linux,first_score,,,v3,7.8
2026-08-05,CVE-2024-36884,Linux,first_score,,,v3,7.8
2026-08-05,CVE-2024-36886,Linux,first_score,,,v3,9.8
2026-08-05,CVE-2024-36890,Linux,first_score,,,v3,7.8
2026-08-05,CVE-2024-36894,Linux,first_score,,,v3,7.8
2026-08-05,CVE-2024-36898,Linux,first_score,,,v3,7.1
2026-08-05,CVE-2024-36904,Linux,first_score,,,v3,7.8
2026-08-05,CVE-2024-36909,Linux,first_score,,,v3,9.3
2026-08-05,CVE-2024-36910,Linux,first_score,,,v3,8.4
2026-08-05,CVE-2024-36911,Linux,first_score,,,v3,9.8
2026-08-05,CVE-2024-36912,Linux,first_score,,,v3,9.6
2026-08-05,CVE-2024-36913,Linux,first_score,,,v3,9.3
2026-08-05,CVE-2024-36914,Linux,first_score,,,v3,7.8
2026-08-05,CVE-2024-36915,Linux,first_score,,,v3,7.1
2026-08-05,CVE-2024-36918,Linux,first_score,,,v3,7.8
2026-08-05,CVE-2024-36921,Linux,first_score,,,v3,8.8
2026-08-05,CVE-2024-36922,Linux,first_score,,,v3,8.8
2026-08-05,CVE-2024-36928,Linux,first_score,,,v3,7.8
2026-08-05,CVE-2024-36929,Linux,first_score,,,v3,7.5
2026-08-05,CVE-2024-36933,Linux,first_score,,,v3,7.8
2026-08-05,CVE-2024-36940,Linux,first_score,,,v3,7.8
2026-08-05,CVE-2024-36943,Linux,first_score,,,v3,7.3
2026-08-05,CVE-2024-36945,Linux,first_score,,,v3,7.5
2026-08-05,CVE-2024-36958,Linux,first_score,,,v3,9.8
2026-08-05,CVE-2024-36960,Linux,first_score,,,v3,7.1
2026-08-05,CVE-2024-36961,Linux,first_score,,,v3,7.8
2026-08-05,CVE-2024-36962,Linux,first_score,,,v3,7.5
2026-08-05,CVE-2024-36963,Linux,first_score,,,v3,7.8
2026-08-05,CVE-2024-36964,Linux,first_score,,,v3,8.8
2026-08-05,CVE-2024-36965,Linux,first_score,,,v3,7.8
2026-08-05,CVE-2024-36968,Linux,first_score,,,v3,7.6
2026-08-05,CVE-2024-36971,Linux,first_score,,,v3,7.8
2026-08-05,CVE-2024-36972,Linux,first_score,,,v3,7.8
2026-08-05,CVE-2024-36973,Linux,first_score,,,v3,8.4
2026-08-05,CVE-2024-36974,Linux,first_score,,,v3,7.8
2026-08-05,CVE-2024-36977,Linux,first_score,,,v3,7.8
2026-08-05,CVE-2024-36978,Linux,first_score,,,v3,7.8
2026-08-05,CVE-2024-36979,Linux,first_score,,,v3,7.8
2026-08-05,CVE-2024-37078,Linux,first_score,,,v3,7.8
2026-08-05,CVE-2024-37354,Linux,first_score,,,v3,7.8
2026-08-05,CVE-2024-38306,Linux,first_score,,,v3,7.8
2026-08-05,CVE-2024-38381,Linux,first_score,,,v3,8.8
2026-08-05,CVE-2024-38384,Linux,first_score,,,v3,7.8
2026-08-05,CVE-2024-38385,Linux,first_score,,,v3,7.8
2026-08-05,CVE-2024-38388,Linux,first_score,,,v3,7.8
2026-08-05,CVE-2024-38538,Linux,first_score,,,v3,7.3
2026-08-05,CVE-2024-38539,Linux,first_score,,,v3,7.5
2026-08-05,CVE-2024-38541,Linux,first_score,,,v3,7.8
2026-08-05,CVE-2024-38542,Linux,first_score,,,v3,7.8
2026-08-05,CVE-2024-38544,Linux,first_score,,,v3,9.8
2026-08-05,CVE-2024-38545,Linux,first_score,,,v3,7.8
2026-08-05,CVE-2024-38552,Linux,first_score,,,v3,7.3
2026-08-05,CVE-2024-38555,Linux,first_score,,,v3,7.0
2026-08-05,CVE-2024-38556,Linux,first_score,,,v3,7.8
2026-08-05,CVE-2024-38558,Linux,first_score,,,v3,10.0
2026-08-05,CVE-2024-38564,Linux,first_score,,,v3,7.8
2026-08-05,CVE-2024-38568,Linux,first_score,,,v3,7.8
2026-08-05,CVE-2024-38569,Linux,first_score,,,v3,7.8
2026-08-05,CVE-2024-38570,Linux,first_score,,,v3,9.8
2026-08-05,CVE-2024-38572,Linux,first_score,,,v3,7.8
2026-08-05,CVE-2024-38576,Linux,first_score,,,v3,7.0
2026-08-05,CVE-2024-38577,Linux,first_score,,,v3,7.0
2026-08-05,CVE-2024-38578,Linux,first_score,,,v3,7.8
2026-08-05,CVE-2024-38580,Linux,first_score,,,v3,7.8
2026-08-05,CVE-2024-38581,Linux,first_score,,,v3,7.8
2026-08-05,CVE-2024-38583,Linux,first_score,,,v3,7.8
2026-08-05,CVE-2024-38587,Linux,first_score,,,v3,7.8
2026-08-05,CVE-2024-38588,Linux,first_score,,,v3,7.8
2026-08-05,CVE-2024-38590,Linux,first_score,,,v3,7.1
2026-08-05,CVE-2024-38592,Linux,first_score,,,v3,7.8
2026-08-05,CVE-2024-38599,Linux,first_score,,,v3,7.8
2026-08-05,CVE-2024-38605,Linux,first_score,,,v3,7.8
2026-08-05,CVE-2024-38606,Linux,first_score,,,v3,7.1
2026-08-05,CVE-2024-38610,Linux,first_score,,,v3,7.8
2026-08-05,CVE-2024-38611,Linux,first_score,,,v3,7.3
2026-08-05,CVE-2024-38612,Linux,first_score,,,v3,7.0
2026-08-05,CVE-2024-38614,Linux,first_score,,,v3,7.8
2026-08-05,CVE-2024-38620,Linux,first_score,,,v3,8.8
2026-08-05,CVE-2024-38623,Linux,first_score,,,v3,7.8
2026-08-05,CVE-2024-38626,Linux,first_score,,,v3,7.8
2026-08-05,CVE-2024-38628,Linux,first_score,,,v3,7.8
2026-08-05,CVE-2024-38635,Linux,first_score,,,v3,7.8
2026-08-05,CVE-2024-38659,Linux,first_score,,,v3,7.3
2026-08-05,CVE-2024-38663,Linux,first_score,,,v3,7.8
2026-08-05,CVE-2024-3884,redhat,score_removed,v3,7.5,,
2026-08-05,CVE-2024-39282,Linux,first_score,,,v3,7.8
2026-08-05,CVE-2024-39292,Linux,first_score,,,v3,7.8
2026-08-05,CVE-2024-39293,Linux,first_score,,,v3,9.8
2026-08-05,CVE-2024-39463,Linux,first_score,,,v3,7.8
2026-08-05,CVE-2024-39467,Linux,first_score,,,v3,7.8
2026-08-05,CVE-2024-39468,Linux,first_score,,,v3,7.5
2026-08-05,CVE-2024-39469,Linux,first_score,,,v3,7.1
2026-08-05,CVE-2024-39471,Linux,first_score,,,v3,7.8
2026-08-05,CVE-2024-39472,Linux,first_score,,,v3,7.3
2026-08-05,CVE-2024-39477,Linux,first_score,,,v3,7.8
2026-08-05,CVE-2024-39478,Linux,first_score,,,v3,7.8
2026-08-05,CVE-2024-39479,Linux,first_score,,,v3,7.8
2026-08-05,CVE-2024-39480,Linux,first_score,,,v3,8.4
2026-08-05,CVE-2024-39481,Linux,first_score,,,v3,7.8
2026-08-05,CVE-2024-39482,Linux,first_score,,,v3,7.8
2026-08-05,CVE-2024-39483,Linux,first_score,,,v3,7.1
2026-08-05,CVE-2024-39486,Linux,first_score,,,v3,7.8
2026-08-05,CVE-2024-39487,Linux,first_score,,,v3,7.1
2026-08-05,CVE-2024-39494,Linux,first_score,,,v3,7.8
2026-08-05,CVE-2024-39495,Linux,first_score,,,v3,7.8
2026-08-05,CVE-2024-39496,Linux,first_score,,,v3,7.8
2026-08-05,CVE-2024-39500,Linux,first_score,,,v3,7.8
2026-08-05,CVE-2024-39502,Linux,first_score,,,v3,7.8
2026-08-05,CVE-2024-39503,Linux,first_score,,,v3,7.8
2026-08-05,CVE-2024-39507,Linux,first_score,,,v3,7.0
2026-08-05,CVE-2024-39508,Linux,first_score,,,v3,7.8
2026-08-05,CVE-2024-40900,Linux,first_score,,,v3,7.8
2026-08-05,CVE-2024-40901,Linux,first_score,,,v3,7.3
2026-08-05,CVE-2024-40902,Linux,first_score,,,v3,7.8
2026-08-05,CVE-2024-40907,Linux,first_score,,,v3,9.8
2026-08-05,CVE-2024-40909,Linux,first_score,,,v3,7.8
2026-08-05,CVE-2024-40910,Linux,first_score,,,v3,8.8
2026-08-05,CVE-2024-40911,Linux,first_score,,,v3,8.8
2026-08-05,CVE-2024-40918,Linux,first_score,,,v3,7.8
2026-08-05,CVE-2024-40920,Linux,first_score,,,v3,7.1
2026-08-05,CVE-2024-40923,Linux,first_score,,,v3,9.8
2026-08-05,CVE-2024-40924,Linux,first_score,,,v3,7.8
2026-08-05,CVE-2024-40925,Linux,first_score,,,v3,7.8
2026-08-05,CVE-2024-40929,Linux,first_score,,,v3,7.1
2026-08-05,CVE-2024-40930,Linux,first_score,,,v3,7.1
2026-08-05,CVE-2024-40937,Linux,first_score,,,v3,9.8
2026-08-05,CVE-2024-40941,Linux,first_score,,,v3,8.1
2026-08-05,CVE-2024-40943,Linux,first_score,,,v3,7.8
2026-08-05,CVE-2024-40947,Linux,first_score,,,v3,7.8
2026-08-05,CVE-2024-40949,Linux,first_score,,,v3,7.8
2026-08-05,CVE-2024-40953,Linux,first_score,,,v3,7.9
2026-08-05,CVE-2024-40954,Linux,first_score,,,v3,7.8
2026-08-05,CVE-2024-40956,Linux,first_score,,,v3,7.8
2026-08-05,CVE-2024-40957,Linux,first_score,,,v3,7.5
2026-08-05,CVE-2024-40958,Linux,first_score,,,v3,7.8
2026-08-05,CVE-2024-40970,Linux,first_score,,,v3,7.8
2026-08-05,CVE-2024-40971,Linux,first_score,,,v3,7.3
2026-08-05,CVE-2024-40974,Linux,first_score,,,v3,7.8
2026-08-05,CVE-2024-40979,Linux,first_score,,,v3,7.8
2026-08-05,CVE-2024-40980,Linux,first_score,,,v3,7.5
2026-08-05,CVE-2024-40983,Linux,first_score,,,v3,9.8
2026-08-05,CVE-2024-40984,Linux,first_score,,,v3,7.8
2026-08-05,CVE-2024-40986,Linux,first_score,,,v3,7.8
2026-08-05,CVE-2024-40989,Linux,first_score,,,v3,7.8
2026-08-05,CVE-2024-40990,Linux,first_score,,,v3,7.8
2026-08-05,CVE-2024-40991,Linux,first_score,,,v3,7.8
2026-08-05,CVE-2024-40992,Linux,first_score,,,v3,7.5
2026-08-05,CVE-2024-40999,Linux,first_score,,,v3,9.8
2026-08-05,CVE-2024-41003,Linux,first_score,,,v3,7.8
2026-08-05,CVE-2024-41007,Linux,first_score,,,v3,7.5
2026-08-05,CVE-2024-41008,Linux,first_score,,,v3,7.8
2026-08-05,CVE-2024-41009,Linux,first_score,,,v3,7.8
2026-08-05,CVE-2024-41010,Linux,first_score,,,v3,7.8
2026-08-05,CVE-2024-41011,Linux,first_score,,,v3,7.8
2026-08-05,CVE-2024-41012,Linux,first_score,,,v3,7.8
2026-08-05,CVE-2024-41014,Linux,first_score,,,v3,7.1
2026-08-05,CVE-2024-41015,Linux,first_score,,,v3,7.8
2026-08-05,CVE-2024-41016,Linux,first_score,,,v3,7.8
2026-08-05,CVE-2024-41017,Linux,first_score,,,v3,7.8
2026-08-05,CVE-2024-41018,Linux,first_score,,,v3,7.8
2026-08-05,CVE-2024-41019,Linux,first_score,,,v3,7.8
2026-08-05,CVE-2024-41020,Linux,first_score,,,v3,7.8
2026-08-05,CVE-2024-41022,Linux,first_score,,,v3,7.0
2026-08-05,CVE-2024-41026,Linux,first_score,,,v3,7.8
2026-08-05,CVE-2024-41028,Linux,first_score,,,v3,7.1
2026-08-05,CVE-2024-41032,Linux,first_score,,,v3,7.8
2026-08-05,CVE-2024-41034,Linux,first_score,,,v3,7.8
2026-08-05,CVE-2024-41036,Linux,first_score,,,v3,7.5
2026-08-05,CVE-2024-41038,Linux,first_score,,,v3,7.8
2026-08-05,CVE-2024-41040,Linux,first_score,,,v3,9.8
2026-08-05,CVE-2024-41041,Linux,first_score,,,v3,7.8
2026-08-05,CVE-2024-41045,Linux,first_score,,,v3,7.8
2026-08-05,CVE-2024-41046,Linux,first_score,,,v3,8.8
2026-08-05,CVE-2024-41048,Linux,first_score,,,v3,7.5
2026-08-05,CVE-2024-41049,Linux,first_score,,,v3,7.8
2026-08-05,CVE-2024-41051,Linux,first_score,,,v3,7.8
2026-08-05,CVE-2024-41056,Linux,first_score,,,v3,7.3
2026-08-05,CVE-2024-41057,Linux,first_score,,,v3,7.8
2026-08-05,CVE-2024-41059,Linux,first_score,,,v3,7.8
2026-08-05,CVE-2024-41060,Linux,first_score,,,v3,7.8
2026-08-05,CVE-2024-41062,Linux,first_score,,,v3,8.8
2026-08-05,CVE-2024-41064,Linux,first_score,,,v3,7.8
2026-08-05,CVE-2024-41066,Linux,first_score,,,v3,7.5
2026-08-05,CVE-2024-41069,Linux,first_score,,,v3,7.8
2026-08-05,CVE-2024-41070,Linux,first_score,,,v3,7.8
2026-08-05,CVE-2024-41073,Linux,first_score,,,v3,9.8
2026-08-05,CVE-2024-41075,Linux,first_score,,,v3,7.8
2026-08-05,CVE-2024-41079,Linux,first_score,,,v3,7.5
2026-08-05,CVE-2024-41081,Linux,first_score,,,v3,9.8
2026-08-05,CVE-2024-41086,Linux,first_score,,,v3,7.8
2026-08-05,CVE-2024-41087,Linux,first_score,,,v3,7.8
2026-08-05,CVE-2024-41090,Linux,first_score,,,v3,8.8
2026-08-05,CVE-2024-41091,Linux,first_score,,,v3,8.8
2026-08-05,CVE-2024-41092,Linux,first_score,,,v3,7.8
2026-08-05,CVE-2024-41096,Linux,first_score,,,v3,7.8
2026-08-05,CVE-2024-41149,Linux,first_score,,,v3,7.8
2026-08-05,CVE-2024-42064,Linux,first_score,,,v3,7.8
2026-08-05,CVE-2024-42066,Linux,first_score,,,v3,7.8
2026-08-05,CVE-2024-42067,Linux,first_score,,,v3,7.8
2026-08-05,CVE-2024-42068,Linux,first_score,,,v3,7.8
2026-08-05,CVE-2024-42069,Linux,first_score,,,v3,7.8
2026-08-05,CVE-2024-42071,Linux,first_score,,,v3,7.8
2026-08-05,CVE-2024-42072,Linux,first_score,,,v3,7.8
2026-08-05,CVE-2024-42075,Linux,first_score,,,v3,7.8
2026-08-05,CVE-2024-42083,Linux,first_score,,,v3,8.8
2026-08-05,CVE-2024-42088,Linux,first_score,,,v3,7.3
2026-08-05,CVE-2024-42097,Linux,first_score,,,v3,7.8
2026-08-05,CVE-2024-42099,Linux,first_score,,,v3,7.8
2026-08-05,CVE-2024-42103,Linux,first_score,,,v3,7.8
2026-08-05,CVE-2024-42104,Linux,first_score,,,v3,7.8
2026-08-05,CVE-2024-42105,Linux,first_score,,,v3,7.8
2026-08-05,CVE-2024-42108,Linux,first_score,,,v3,9.8
2026-08-05,CVE-2024-42109,Linux,first_score,,,v3,7.8
2026-08-05,CVE-2024-42110,Linux,first_score,,,v3,7.5
2026-08-05,CVE-2024-42111,Linux,first_score,,,v3,7.8
2026-08-05,CVE-2024-42112,Linux,first_score,,,v3,7.8
2026-08-05,CVE-2024-42115,Linux,first_score,,,v3,7.8
2026-08-05,CVE-2024-42117,Linux,first_score,,,v3,7.8
2026-08-05,CVE-2024-42120,Linux,first_score,,,v3,7.8
2026-08-05,CVE-2024-42123,Linux,first_score,,,v3,7.0
2026-08-05,CVE-2024-42132,Linux,first_score,,,v3,7.6
2026-08-05,CVE-2024-42133,Linux,first_score,,,v3,7.6
2026-08-05,CVE-2024-42145,Linux,first_score,,,v3,7.5
2026-08-05,CVE-2024-42152,Linux,first_score,,,v3,7.5
2026-08-05,CVE-2024-42162,Linux,first_score,,,v3,7.8
2026-08-05,CVE-2024-42224,Linux,first_score,,,v3,7.0
2026-08-05,CVE-2024-42225,Linux,first_score,,,v3,8.3
2026-08-05,CVE-2024-42232,Linux,first_score,,,v3,9.8
2026-08-05,CVE-2024-42233,Linux,first_score,,,v3,7.8
2026-08-05,CVE-2024-42234,Linux,first_score,,,v3,7.8
2026-08-05,CVE-2024-42235,Linux,first_score,,,v3,7.8
2026-08-05,CVE-2024-42236,Linux,first_score,,,v3,7.8
2026-08-05,CVE-2024-42247,Linux,first_score,,,v3,7.5
2026-08-05,CVE-2024-42249,Linux,first_score,,,v3,7.8
2026-08-05,CVE-2024-42250,Linux,first_score,,,v3,7.8
2026-08-05,CVE-2024-42253,Linux,first_score,,,v3,7.8
2026-08-05,CVE-2024-42256,Linux,first_score,,,v3,7.5
2026-08-05,CVE-2024-42258,Linux,first_score,,,v3,7.1
2026-08-05,CVE-2024-42259,Linux,first_score,,,v3,7.8
2026-08-05,CVE-2024-42264,Linux,first_score,,,v3,7.8
2026-08-05,CVE-2024-42266,Linux,first_score,,,v3,7.8
2026-08-05,CVE-2024-42271,Linux,first_score,,,v3,7.8
2026-08-05,CVE-2024-42272,Linux,first_score,,,v3,7.8
2026-08-05,CVE-2024-42273,Linux,first_score,,,v3,7.8
2026-08-05,CVE-2024-42275,Linux,first_score,,,v3,7.8
2026-08-05,CVE-2024-42276,Linux,first_score,,,v3,7.8
2026-08-05,CVE-2024-42279,Linux,first_score,,,v3,7.8
2026-08-05,CVE-2024-42280,Linux,first_score,,,v3,7.8
2026-08-05,CVE-2024-42284,Linux,first_score,,,v3,9.1
2026-08-05,CVE-2024-42285,Linux,first_score,,,v3,9.8
2026-08-05,CVE-2024-42286,Linux,first_score,,,v3,7.5
2026-08-05,CVE-2024-42287,Linux,first_score,,,v3,8.8
2026-08-05,CVE-2024-42288,Linux,first_score,,,v3,7.8
2026-08-05,CVE-2024-42293,Linux,first_score,,,v3,7.8
2026-08-05,CVE-2024-42296,Linux,first_score,,,v3,7.8
2026-08-05,CVE-2024-42297,Linux,first_score,,,v3,7.8
2026-08-05,CVE-2024-42299,Linux,first_score,,,v3,7.8
2026-08-05,CVE-2024-42300,Linux,first_score,,,v3,7.8
2026-08-05,CVE-2024-42301,Linux,first_score,,,v3,7.8
2026-08-05,CVE-2024-42304,Linux,first_score,,,v3,7.8
2026-08-05,CVE-2024-42306,Linux,first_score,,,v3,7.8
2026-08-05,CVE-2024-42311,Linux,first_score,,,v3,7.8
2026-08-05,CVE-2024-42313,Linux,first_score,,,v3,7.8
2026-08-05,CVE-2024-42314,Linux,first_score,,,v3,7.8
2026-08-05,CVE-2024-42318,Linux,first_score,,,v3,8.8
2026-08-05,CVE-2024-43816,Linux,first_score,,,v3,7.8
2026-08-05,CVE-2024-43825,Linux,first_score,,,v3,7.8
2026-08-05,CVE-2024-43830,Linux,first_score,,,v3,7.8
2026-08-05,CVE-2024-43832,Linux,first_score,,,v3,7.8
2026-08-05,CVE-2024-43840,Linux,first_score,,,v3,7.8
2026-08-05,CVE-2024-43845,Linux,first_score,,,v3,7.8
2026-08-05,CVE-2024-43846,Linux,first_score,,,v3,7.8
2026-08-05,CVE-2024-43847,Linux,first_score,,,v3,8.8
2026-08-05,CVE-2024-43848,Linux,first_score,,,v3,8.8
2026-08-05,CVE-2024-43853,Linux,first_score,,,v3,7.0
2026-08-05,CVE-2024-43856,Linux,first_score,,,v3,7.8
2026-08-05,CVE-2024-43858,Linux,first_score,,,v3,7.8
2026-08-05,CVE-2024-43864,Linux,first_score,,,v3,9.8
2026-08-05,CVE-2024-43872,Linux,first_score,,,v3,7.5
2026-08-05,CVE-2024-43877,Linux,first_score,,,v3,7.8
2026-08-05,CVE-2024-43878,Linux,first_score,,,v3,8.1
2026-08-05,CVE-2024-43880,Linux,first_score,,,v3,7.8
2026-08-05,CVE-2024-43881,Linux,first_score,,,v3,8.8
2026-08-05,CVE-2024-43882,Linux,first_score,,,v3,7.8
2026-08-05,CVE-2024-43883,Linux,first_score,,,v3,9.8
2026-08-05,CVE-2024-43888,Linux,first_score,,,v3,7.8
2026-08-05,CVE-2024-43891,Linux,first_score,,,v3,7.8
2026-08-05,CVE-2024-43892,Linux,first_score,,,v3,7.8
2026-08-05,CVE-2024-43897,Linux,first_score,,,v3,7.8
2026-08-05,CVE-2024-43910,Linux,first_score,,,v3,7.8
2026-08-05,CVE-2024-43913,Linux,first_score,,,v3,7.0
2026-08-05,CVE-2024-44933,Linux,first_score,,,v3,7.3
2026-08-05,CVE-2024-44934,Linux,first_score,,,v3,7.8
2026-08-05,CVE-2024-44939,Linux,first_score,,,v3,7.8
2026-08-05,CVE-2024-44940,Linux,first_score,,,v3,7.5
2026-08-05,CVE-2024-44941,Linux,first_score,,,v3,7.8
2026-08-05,CVE-2024-44942,Linux,first_score,,,v3,7.8
2026-08-05,CVE-2024-44945,Linux,first_score,,,v3,7.1
2026-08-05,CVE-2024-44946,Linux,first_score,,,v3,7.8
2026-08-05,CVE-2024-44949,Linux,first_score,,,v3,7.8
2026-08-05,CVE-2024-44950,Linux,first_score,,,v3,7.1
2026-08-05,CVE-2024-44951,Linux,first_score,,,v3,7.8
2026-08-05,CVE-2024-44954,Linux,first_score,,,v3,7.8
2026-08-05,CVE-2024-44959,Linux,first_score,,,v3,7.8
2026-08-05,CVE-2024-44966,Linux,first_score,,,v3,7.8
2026-08-05,CVE-2024-44967,Linux,first_score,,,v3,7.8
2026-08-05,CVE-2024-44970,Linux,first_score,,,v3,9.8
2026-08-05,CVE-2024-44973,Linux,first_score,,,v3,8.1
2026-08-05,CVE-2024-44974,Linux,first_score,,,v3,7.8
2026-08-05,CVE-2024-44978,Linux,first_score,,,v3,7.8
2026-08-05,CVE-2024-44984,Linux,first_score,,,v3,10.0
2026-08-05,CVE-2024-44985,Linux,first_score,,,v3,9.8
2026-08-05,CVE-2024-44986,Linux,first_score,,,v3,8.1
2026-08-05,CVE-2024-44987,Linux,first_score,,,v3,7.8
2026-08-05,CVE-2024-44988,Linux,first_score,,,v3,8.8
2026-08-05,CVE-2024-44992,Linux,first_score,,,v3,7.5
2026-08-05,CVE-2024-44994,Linux,first_score,,,v3,8.8
2026-08-05,CVE-2024-44995,Linux,first_score,,,v3,7.8
2026-08-05,CVE-2024-44997,Linux,first_score,,,v3,7.8
2026-08-05,CVE-2024-44998,Linux,first_score,,,v3,9.8
2026-08-05,CVE-2024-45000,Linux,first_score,,,v3,7.8
2026-08-05,CVE-2024-45001,Linux,first_score,,,v3,7.5
2026-08-05,CVE-2024-45009,Linux,first_score,,,v3,8.2
2026-08-05,CVE-2024-45013,Linux,first_score,,,v3,9.8
2026-08-05,CVE-2024-45016,Linux,first_score,,,v3,7.8
2026-08-05,CVE-2024-45017,Linux,first_score,,,v3,7.8
2026-08-05,CVE-2024-45019,Linux,first_score,,,v3,7.8
2026-08-05,CVE-2024-45020,Linux,first_score,,,v3,7.8
2026-08-05,CVE-2024-45021,Linux,first_score,,,v3,7.1
2026-08-05,CVE-2024-45022,Linux,first_score,,,v3,7.8
2026-08-05,CVE-2024-45023,Linux,first_score,,,v3,7.8
2026-08-05,CVE-2024-45024,Linux,first_score,,,v3,7.8
2026-08-05,CVE-2024-45026,Linux,first_score,,,v3,7.0
2026-08-05,CVE-2024-45030,Linux,first_score,,,v3,9.8
2026-08-05,CVE-2024-46673,Linux,first_score,,,v3,7.8
2026-08-05,CVE-2024-46674,Linux,first_score,,,v3,7.8
2026-08-05,CVE-2024-46678,Linux,first_score,,,v3,7.8
2026-08-05,CVE-2024-46680,Linux,first_score,,,v3,7.8
2026-08-05,CVE-2024-46683,Linux,first_score,,,v3,7.8
2026-08-05,CVE-2024-46687,Linux,first_score,,,v3,7.8
2026-08-05,CVE-2024-46690,Linux,first_score,,,v3,9.8
2026-08-05,CVE-2024-46695,Linux,first_score,,,v3,9.8
2026-08-05,CVE-2024-46696,Linux,first_score,,,v3,9.8
2026-08-05,CVE-2024-46697,Linux,first_score,,,v3,9.8
2026-08-05,CVE-2024-46705,Linux,first_score,,,v3,7.8
2026-08-05,CVE-2024-46709,Linux,first_score,,,v3,7.8
2026-08-05,CVE-2024-46710,Linux,first_score,,,v3,7.8
2026-08-05,CVE-2024-46713,Linux,first_score,,,v3,7.8
2026-08-05,CVE-2024-46716,Linux,first_score,,,v3,7.8
2026-08-05,CVE-2024-46717,Linux,first_score,,,v3,9.8
2026-08-05,CVE-2024-46725,Linux,first_score,,,v3,7.8
2026-08-05,CVE-2024-46730,Linux,first_score,,,v3,7.8
2026-08-05,CVE-2024-46734,Linux,first_score,,,v3,7.8
2026-08-05,CVE-2024-46736,Linux,first_score,,,v3,9.8
2026-08-05,CVE-2024-46737,Linux,first_score,,,v3,7.5
2026-08-05,CVE-2024-46738,Linux,first_score,,,v3,7.8
2026-08-05,CVE-2024-46740,Linux,first_score,,,v3,7.8
2026-08-05,CVE-2024-46741,Linux,first_score,,,v3,7.8
2026-08-05,CVE-2024-46743,Linux,first_score,,,v3,7.3
2026-08-05,CVE-2024-46746,Linux,first_score,,,v3,7.8
2026-08-05,CVE-2024-46750,Linux,first_score,,,v3,7.8
2026-08-05,CVE-2024-46751,Linux,first_score,,,v3,7.8
2026-08-05,CVE-2024-46754,Linux,first_score,,,v3,7.8
2026-08-05,CVE-2024-46755,Linux,first_score,,,v3,8.8
2026-08-05,CVE-2024-46762,Linux,first_score,,,v3,7.8
2026-08-05,CVE-2024-46763,Linux,first_score,,,v3,7.5
2026-08-05,CVE-2024-46764,Linux,first_score,,,v3,7.3
2026-08-05,CVE-2024-46765,Linux,first_score,,,v3,7.8
2026-08-05,CVE-2024-46771,Linux,first_score,,,v3,7.8
2026-08-05,CVE-2024-46777,Linux,first_score,,,v3,7.8
2026-08-05,CVE-2024-46780,Linux,first_score,,,v3,7.8
2026-08-05,CVE-2024-46781,Linux,first_score,,,v3,7.8
2026-08-05,CVE-2024-46787,Linux,first_score,,,v3,7.8
2026-08-05,CVE-2024-46788,Linux,first_score,,,v3,7.8
2026-08-05,CVE-2024-46792,Linux,first_score,,,v3,7.8
2026-08-05,CVE-2024-46796,Linux,first_score,,,v3,9.8
2026-08-05,CVE-2024-46798,Linux,first_score,,,v3,7.8
2026-08-05,CVE-2024-46799,Linux,first_score,,,v3,7.5
2026-08-05,CVE-2024-46800,Linux,first_score,,,v3,7.8
2026-08-05,CVE-2024-46801,Linux,first_score,,,v3,7.8
2026-08-05,CVE-2024-46803,Linux,first_score,,,v3,7.8
2026-08-05,CVE-2024-46811,Linux,first_score,,,v3,7.3
2026-08-05,CVE-2024-46812,Linux,first_score,,,v3,7.8
2026-08-05,CVE-2024-46813,Linux,first_score,,,v3,7.8
2026-08-05,CVE-2024-46815,Linux,first_score,,,v3,7.1
2026-08-05,CVE-2024-46816,Linux,first_score,,,v3,7.8
2026-08-05,CVE-2024-46817,Linux,first_score,,,v3,7.4
2026-08-05,CVE-2024-46818,Linux,first_score,,,v3,7.8
2026-08-05,CVE-2024-46823,Linux,first_score,,,v3,8.4
2026-08-05,CVE-2024-46828,Linux,first_score,,,v3,7.1
2026-08-05,CVE-2024-46830,Linux,first_score,,,v3,7.8
2026-08-05,CVE-2024-46831,Linux,first_score,,,v3,8.4
2026-08-05,CVE-2024-46834,Linux,first_score,,,v3,7.8
2026-08-05,CVE-2024-46842,Linux,first_score,,,v3,7.8
2026-08-05,CVE-2024-46844,Linux,first_score,,,v3,7.1
2026-08-05,CVE-2024-46845,Linux,first_score,,,v3,7.8
2026-08-05,CVE-2024-46847,Linux,first_score,,,v3,7.8
2026-08-05,CVE-2024-46850,Linux,first_score,,,v3,7.8
2026-08-05,CVE-2024-46852,Linux,first_score,,,v3,7.8
2026-08-05,CVE-2024-46855,Linux,first_score,,,v3,7.5
2026-08-05,CVE-2024-46858,Linux,first_score,,,v3,8.1
2026-08-05,CVE-2024-46859,Linux,first_score,,,v3,7.8
2026-08-05,CVE-2024-46862,Linux,first_score,,,v3,8.0
2026-08-05,CVE-2024-46863,Linux,first_score,,,v3,7.3
2026-08-05,CVE-2024-46865,Linux,first_score,,,v3,9.8
2026-08-05,CVE-2024-46866,Linux,first_score,,,v3,7.8
2026-08-05,CVE-2024-46869,Linux,first_score,,,v3,7.8
2026-08-05,CVE-2024-47408,Linux,first_score,,,v3,9.8
2026-08-05,CVE-2024-47658,Linux,first_score,,,v3,7.5
2026-08-05,CVE-2024-47659,Linux,first_score,,,v3,9.1
2026-08-05,CVE-2024-47667,Linux,first_score,,,v3,7.3
2026-08-05,CVE-2024-47668,Linux,first_score,,,v3,7.8
2026-08-05,CVE-2024-47669,Linux,first_score,,,v3,7.3
2026-08-05,CVE-2024-47670,Linux,first_score,,,v3,7.8
2026-08-05,CVE-2024-47674,Linux,first_score,,,v3,7.8
2026-08-05,CVE-2024-47675,Linux,first_score,,,v3,7.8
2026-08-05,CVE-2024-47676,Linux,first_score,,,v3,7.8
2026-08-05,CVE-2024-47678,Linux,first_score,,,v3,9.4
2026-08-05,CVE-2024-47679,Linux,first_score,,,v3,7.8
2026-08-05,CVE-2024-47682,Linux,first_score,,,v3,8.6
2026-08-05,CVE-2024-47690,Linux,first_score,,,v3,7.8
2026-08-05,CVE-2024-47695,Linux,first_score,,,v3,9.8
2026-08-05,CVE-2024-47696,Linux,first_score,,,v3,7.5
2026-08-05,CVE-2024-47697,Linux,first_score,,,v3,7.8
2026-08-05,CVE-2024-47698,Linux,first_score,,,v3,7.8
2026-08-05,CVE-2024-47701,Linux,first_score,,,v3,7.8
2026-08-05,CVE-2024-47702,Linux,first_score,,,v3,7.8
2026-08-05,CVE-2024-47703,Linux,first_score,,,v3,7.8
2026-08-05,CVE-2024-47706,Linux,first_score,,,v3,7.8
2026-08-05,CVE-2024-47711,Linux,first_score,,,v3,7.8
2026-08-05,CVE-2024-47712,Linux,first_score,,,v3,8.3
2026-08-05,CVE-2024-47714,Linux,first_score,,,v3,7.6
2026-08-05,CVE-2024-47721,Linux,first_score,,,v3,8.8
2026-08-05,CVE-2024-47723,Linux,first_score,,,v3,7.8
2026-08-05,CVE-2024-47724,Linux,first_score,,,v3,8.8
2026-08-05,CVE-2024-47726,Linux,first_score,,,v3,7.8
2026-08-05,CVE-2024-47727,Linux,first_score,,,v3,7.8
2026-08-05,CVE-2024-47730,Linux,first_score,,,v3,7.0
2026-08-05,CVE-2024-47732,Linux,first_score,,,v3,7.0
2026-08-05,CVE-2024-47739,Linux,first_score,,,v3,7.5
2026-08-05,CVE-2024-47740,Linux,first_score,,,v3,7.1
2026-08-05,CVE-2024-47741,Linux,first_score,,,v3,7.8
2026-08-05,CVE-2024-47742,Linux,first_score,,,v3,7.8
2026-08-05,CVE-2024-47745,Linux,first_score,,,v3,7.8
2026-08-05,CVE-2024-47747,Linux,first_score,,,v3,7.8
2026-08-05,CVE-2024-47748,Linux,first_score,,,v3,7.8
2026-08-05,CVE-2024-47749,Linux,first_score,,,v3,7.5
2026-08-05,CVE-2024-47750,Linux,first_score,,,v3,7.8
2026-08-05,CVE-2024-47794,Linux,first_score,,,v3,7.8
2026-08-05,CVE-2024-49568,Linux,first_score,,,v3,9.8
2026-08-05,CVE-2024-49569,Linux,first_score,,,v3,7.5
2026-08-05,CVE-2024-49571,Linux,first_score,,,v3,9.1
2026-08-05,CVE-2024-49573,Linux,first_score,,,v3,7.0
2026-08-05,CVE-2024-49854,Linux,first_score,,,v3,7.8
2026-08-05,CVE-2024-49855,Linux,first_score,,,v3,9.8
2026-08-05,CVE-2024-49857,Linux,first_score,,,v3,7.1
2026-08-05,CVE-2024-49859,Linux,first_score,,,v3,7.8
2026-08-05,CVE-2024-49860,Linux,first_score,,,v3,7.3
2026-08-05,CVE-2024-49861,Linux,first_score,,,v3,7.8
2026-08-05,CVE-2024-49862,Linux,first_score,,,v3,7.1
2026-08-05,CVE-2024-49864,Linux,first_score,,,v3,7.5
2026-08-05,CVE-2024-49865,Linux,first_score,,,v3,7.8
2026-08-05,CVE-2024-49866,Linux,first_score,,,v3,7.8
2026-08-05,CVE-2024-49867,Linux,first_score,,,v3,7.8
2026-08-05,CVE-2024-49874,Linux,first_score,,,v3,7.8
2026-08-05,CVE-2024-49875,Linux,first_score,,,v3,7.5
2026-08-05,CVE-2024-49876,Linux,first_score,,,v3,7.8
2026-08-05,CVE-2024-49882,Linux,first_score,,,v3,7.8
2026-08-05,CVE-2024-49883,Linux,first_score,,,v3,7.8
2026-08-05,CVE-2024-49884,Linux,first_score,,,v3,7.8
2026-08-05,CVE-2024-49886,Linux,first_score,,,v3,7.8
2026-08-05,CVE-2024-49889,Linux,first_score,,,v3,7.8
2026-08-05,CVE-2024-49894,Linux,first_score,,,v3,7.1
2026-08-05,CVE-2024-49902,Linux,first_score,,,v3,7.8
2026-08-05,CVE-2024-49924,Linux,first_score,,,v3,7.8
2026-08-05,CVE-2024-49925,Linux,first_score,,,v3,7.1
2026-08-05,CVE-2024-49930,Linux,first_score,,,v3,8.8
2026-08-05,CVE-2024-49932,Linux,first_score,,,v3,7.0
2026-08-05,CVE-2024-49934,Linux,first_score,,,v3,7.1
2026-08-05,CVE-2024-49936,Linux,first_score,,,v3,8.8
2026-08-05,CVE-2024-49939,Linux,first_score,,,v3,8.8
2026-08-05,CVE-2024-49940,Linux,first_score,,,v3,7.8
2026-08-05,CVE-2024-49943,Linux,first_score,,,v3,7.8
2026-08-05,CVE-2024-49950,Linux,first_score,,,v3,8.8
2026-08-05,CVE-2024-49951,Linux,first_score,,,v3,7.8
2026-08-05,CVE-2024-49952,Linux,first_score,,,v3,7.8
2026-08-05,CVE-2024-49956,Linux,first_score,,,v3,7.8
2026-08-05,CVE-2024-49958,Linux,first_score,,,v3,7.8
2026-08-05,CVE-2024-49960,Linux,first_score,,,v3,7.8
2026-08-05,CVE-2024-49965,Linux,first_score,,,v3,7.8
2026-08-05,CVE-2024-49966,Linux,first_score,,,v3,7.8
2026-08-05,CVE-2024-49969,Linux,first_score,,,v3,7.8
2026-08-05,CVE-2024-49973,Linux,first_score,,,v3,7.8
2026-08-05,CVE-2024-49978,Linux,first_score,,,v3,7.5
2026-08-05,CVE-2024-49979,Linux,first_score,,,v3,7.5
2026-08-05,CVE-2024-49981,Linux,first_score,,,v3,7.8
2026-08-05,CVE-2024-49982,Linux,first_score,,,v3,8.8
2026-08-05,CVE-2024-49983,Linux,first_score,,,v3,7.8
2026-08-05,CVE-2024-49984,Linux,first_score,,,v3,7.8
2026-08-05,CVE-2024-49986,Linux,first_score,,,v3,7.8
2026-08-05,CVE-2024-49988,Linux,first_score,,,v3,8.8
2026-08-05,CVE-2024-49991,Linux,first_score,,,v3,7.8
2026-08-05,CVE-2024-49992,Linux,first_score,,,v3,7.8
2026-08-05,CVE-2024-49996,Linux,first_score,,,v3,9.4
2026-08-05,CVE-2024-49999,Linux,first_score,,,v3,7.5
2026-08-05,CVE-2024-50001,Linux,first_score,,,v3,7.8
2026-08-05,CVE-2024-50024,Linux,first_score,,,v3,7.3
2026-08-05,CVE-2024-50027,Linux,first_score,,,v3,7.8
2026-08-05,CVE-2024-50028,Linux,first_score,,,v3,7.8
2026-08-05,CVE-2024-50029,Linux,first_score,,,v3,8.8
2026-08-05,CVE-2024-50030,Linux,first_score,,,v3,7.8
2026-08-05,CVE-2024-50031,Linux,first_score,,,v3,7.8
2026-08-05,CVE-2024-50033,Linux,first_score,,,v3,9.8
2026-08-05,CVE-2024-50036,Linux,first_score,,,v3,7.8
2026-08-05,CVE-2024-50039,Linux,first_score,,,v3,7.8
2026-08-05,CVE-2024-50041,Linux,first_score,,,v3,8.8
2026-08-05,CVE-2024-50043,Linux,first_score,,,v3,9.8
2026-08-05,CVE-2024-50045,Linux,first_score,,,v3,7.5
2026-08-05,CVE-2024-50046,Linux,first_score,,,v3,9.8
2026-08-05,CVE-2024-50047,Linux,first_score,,,v3,9.8
2026-08-05,CVE-2024-50055,Linux,first_score,,,v3,7.8
2026-08-05,CVE-2024-50059,Linux,first_score,,,v3,7.8
2026-08-05,CVE-2024-50062,Linux,first_score,,,v3,7.5
2026-08-05,CVE-2024-50063,Linux,first_score,,,v3,7.8
2026-08-05,CVE-2024-50066,Linux,first_score,,,v3,7.8
2026-08-05,CVE-2024-50067,Linux,first_score,,,v3,7.8
2026-08-05,CVE-2024-50073,Linux,first_score,,,v3,7.8
2026-08-05,CVE-2024-50074,Linux,first_score,,,v3,7.8
2026-08-05,CVE-2024-50075,Linux,first_score,,,v3,8.0
2026-08-05,CVE-2024-50077,Linux,first_score,,,v3,7.8
2026-08-05,CVE-2024-50078,Linux,first_score,,,v3,7.8
2026-08-05,CVE-2024-50082,Linux,first_score,,,v3,7.8
2026-08-05,CVE-2024-50085,Linux,first_score,,,v3,9.8
2026-08-05,CVE-2024-50086,Linux,first_score,,,v3,9.8
2026-08-05,CVE-2024-50087,Linux,first_score,,,v3,7.8
2026-08-05,CVE-2024-50088,Linux,first_score,,,v3,7.8
2026-08-05,CVE-2024-50090,Linux,first_score,,,v3,7.8
2026-08-05,CVE-2024-50091,Linux,first_score,,,v3,7.8
2026-08-05,CVE-2024-50094,Linux,first_score,,,v3,7.5
2026-08-05,CVE-2024-50095,Linux,first_score,,,v3,7.5
2026-08-05,CVE-2024-50096,Linux,first_score,,,v3,7.3
2026-08-05,CVE-2024-50099,Linux,first_score,,,v3,7.3
2026-08-05,CVE-2024-50101,Linux,first_score,,,v3,7.8
2026-08-05,CVE-2024-50106,Linux,first_score,,,v3,9.8
2026-08-05,CVE-2024-50113,Linux,first_score,,,v3,8.8
2026-08-05,CVE-2024-50114,Linux,first_score,,,v3,7.8
2026-08-05,CVE-2024-50115,Linux,first_score,,,v3,8.4
2026-08-05,CVE-2024-50117,Linux,first_score,,,v3,7.3
2026-08-05,CVE-2024-50119,Linux,first_score,,,v3,7.0
2026-08-05,CVE-2024-50123,Linux,first_score,,,v3,7.1
2026-08-05,CVE-2024-50124,Linux,first_score,,,v3,8.0
2026-08-05,CVE-2024-50125,Linux,first_score,,,v3,8.0
2026-08-05,CVE-2024-50126,Linux,first_score,,,v3,7.8
2026-08-05,CVE-2024-50127,Linux,first_score,,,v3,7.8
2026-08-05,CVE-2024-50128,Linux,first_score,,,v3,7.8
2026-08-05,CVE-2024-50130,Linux,first_score,,,v3,7.8
2026-08-05,CVE-2024-50131,Linux,first_score,,,v3,7.3
2026-08-05,CVE-2024-50132,Linux,first_score,,,v3,7.8
2026-08-05,CVE-2024-50139,Linux,first_score,,,v3,7.9
2026-08-05,CVE-2024-50141,Linux,first_score,,,v3,7.8
2026-08-05,CVE-2024-50143,Linux,first_score,,,v3,7.8
2026-08-05,CVE-2024-50145,Linux,first_score,,,v3,7.5
2026-08-05,CVE-2024-50149,Linux,first_score,,,v3,7.8
2026-08-05,CVE-2024-50150,Linux,first_score,,,v3,7.8
2026-08-05,CVE-2024-50151,Linux,first_score,,,v3,7.8
2026-08-05,CVE-2024-50152,Linux,first_score,,,v3,9.8
2026-08-05,CVE-2024-50154,Linux,first_score,,,v3,9.8
2026-08-05,CVE-2024-50158,Linux,first_score,,,v3,7.8
2026-08-05,CVE-2024-50159,Linux,first_score,,,v3,7.0
2026-08-05,CVE-2024-50161,Linux,first_score,,,v3,7.8
2026-08-05,CVE-2024-50162,Linux,first_score,,,v3,9.8
2026-08-05,CVE-2024-50164,Linux,first_score,,,v3,7.8
2026-08-05,CVE-2024-50165,Linux,first_score,,,v3,7.8
2026-08-05,CVE-2024-50170,Linux,first_score,,,v3,7.5
2026-08-05,CVE-2024-50173,Linux,first_score,,,v3,7.8
2026-08-05,CVE-2024-50174,Linux,first_score,,,v3,7.8
2026-08-05,CVE-2024-50175,Linux,first_score,,,v3,7.8
2026-08-05,CVE-2024-50182,Linux,first_score,,,v3,7.1
2026-08-05,CVE-2024-50185,Linux,first_score,,,v3,8.2
2026-08-05,CVE-2024-50186,Linux,first_score,,,v3,7.8
2026-08-05,CVE-2024-50187,Linux,first_score,,,v3,7.8
2026-08-05,CVE-2024-50188,Linux,first_score,,,v3,7.8
2026-08-05,CVE-2024-50189,Linux,first_score,,,v3,7.8
2026-08-05,CVE-2024-50195,Linux,first_score,,,v3,7.1
2026-08-05,CVE-2024-50200,Linux,first_score,,,v3,7.8
2026-08-05,CVE-2024-50203,Linux,first_score,,,v3,7.8
2026-08-05,CVE-2024-50206,Linux,first_score,,,v3,9.8
2026-08-05,CVE-2024-50207,Linux,first_score,,,v3,7.8
2026-08-05,CVE-2024-50208,Linux,first_score,,,v3,7.8
2026-08-05,CVE-2024-50211,Linux,first_score,,,v3,7.8
2026-08-05,CVE-2024-50215,Linux,first_score,,,v3,8.1
2026-08-05,CVE-2024-50217,Linux,first_score,,,v3,7.8
2026-08-05,CVE-2024-50221,Linux,first_score,,,v3,7.8
2026-08-05,CVE-2024-50222,Linux,first_score,,,v3,7.0
2026-08-05,CVE-2024-50225,Linux,first_score,,,v3,7.8
2026-08-05,CVE-2024-50230,Linux,first_score,,,v3,7.8
2026-08-05,CVE-2024-50235,Linux,first_score,,,v3,7.8
2026-08-05,CVE-2024-50237,Linux,first_score,,,v3,7.8
2026-08-05,CVE-2024-50241,Linux,first_score,,,v3,7.5
2026-08-05,CVE-2024-50246,Linux,first_score,,,v3,7.8
2026-08-05,CVE-2024-50247,Linux,first_score,,,v3,7.3
2026-08-05,CVE-2024-50248,Linux,first_score,,,v3,7.1
2026-08-05,CVE-2024-50250,Linux,first_score,,,v3,7.8
2026-08-05,CVE-2024-50253,Linux,first_score,,,v3,7.8
2026-08-05,CVE-2024-50256,Linux,first_score,,,v3,7.5
2026-08-05,CVE-2024-50257,Linux,first_score,,,v3,7.0
2026-08-05,CVE-2024-50261,Linux,first_score,,,v3,7.8
2026-08-05,CVE-2024-50262,Linux,first_score,,,v3,7.8
2026-08-05,CVE-2024-50263,Linux,first_score,,,v3,7.8
2026-08-05,CVE-2024-50264,Linux,first_score,,,v3,7.8
2026-08-05,CVE-2024-50267,Linux,first_score,,,v3,7.8
2026-08-05,CVE-2024-50268,Linux,first_score,,,v3,7.8
2026-08-05,CVE-2024-50273,Linux,first_score,,,v3,7.8
2026-08-05,CVE-2024-50275,Linux,first_score,,,v3,7.3
2026-08-05,CVE-2024-50276,Linux,first_score,,,v3,9.8
2026-08-05,CVE-2024-50281,Linux,first_score,,,v3,7.8
2026-08-05,CVE-2024-50282,Linux,first_score,,,v3,7.8
2026-08-05,CVE-2024-50283,Linux,first_score,,,v3,9.8
2026-08-05,CVE-2024-50284,Linux,first_score,,,v3,7.5
2026-08-05,CVE-2024-50285,Linux,first_score,,,v3,7.5
2026-08-05,CVE-2024-50286,Linux,first_score,,,v3,9.8
2026-08-05,CVE-2024-50288,Linux,first_score,,,v3,7.8
2026-08-05,CVE-2024-50291,Linux,first_score,,,v3,7.8
2026-08-05,CVE-2024-50293,Linux,first_score,,,v3,7.8
2026-08-05,CVE-2024-50294,Linux,first_score,,,v3,7.8
2026-08-05,CVE-2024-50297,Linux,first_score,,,v3,7.5
2026-08-05,CVE-2024-50299,Linux,first_score,,,v3,8.2
2026-08-05,CVE-2024-50300,Linux,first_score,,,v3,7.8
2026-08-05,CVE-2024-50301,Linux,first_score,,,v3,7.8
2026-08-05,CVE-2024-51729,Linux,first_score,,,v3,7.8
2026-08-05,CVE-2024-52319,Linux,first_score,,,v3,7.8
2026-08-05,CVE-2024-52559,Linux,first_score,,,v3,7.8
2026-08-05,CVE-2024-52560,Linux,first_score,,,v3,7.8
2026-08-05,CVE-2024-53044,Linux,first_score,,,v3,7.8
2026-08-05,CVE-2024-53057,Linux,first_score,,,v3,7.8
2026-08-05,CVE-2024-53058,Linux,first_score,,,v3,9.4
2026-08-05,CVE-2024-53059,Linux,first_score,,,v3,7.1
2026-08-05,CVE-2024-53061,Linux,first_score,,,v3,7.3
2026-08-05,CVE-2024-53063,Linux,first_score,,,v3,7.8
2026-08-05,CVE-2024-53066,Linux,first_score,,,v3,9.8
2026-08-05,CVE-2024-53073,Linux,first_score,,,v3,7.5
2026-08-05,CVE-2024-53076,Linux,first_score,,,v3,7.8
2026-08-05,CVE-2024-53079,Linux,first_score,,,v3,7.8
2026-08-05,CVE-2024-53080,Linux,first_score,,,v3,7.8
2026-08-05,CVE-2024-53082,Linux,first_score,,,v3,8.4
2026-08-05,CVE-2024-53088,Linux,first_score,,,v3,7.8
2026-08-05,CVE-2024-53090,Linux,first_score,,,v3,7.5
2026-08-05,CVE-2024-53091,Linux,first_score,,,v3,7.8
2026-08-05,CVE-2024-53092,Linux,first_score,,,v3,8.4
2026-08-05,CVE-2024-53093,Linux,first_score,,,v3,7.5
2026-08-05,CVE-2024-53094,Linux,first_score,,,v3,9.8
2026-08-05,CVE-2024-53095,Linux,first_score,,,v3,9.8
2026-08-05,CVE-2024-53096,Linux,first_score,,,v3,7.8
2026-08-05,CVE-2024-53099,Linux,first_score,,,v3,7.1
2026-08-05,CVE-2024-53100,Linux,first_score,,,v3,7.8
2026-08-05,CVE-2024-53103,Linux,first_score,,,v3,7.8
2026-08-05,CVE-2024-53106,Linux,first_score,,,v3,7.3
2026-08-05,CVE-2024-53107,Linux,first_score,,,v3,7.8
2026-08-05,CVE-2024-53108,Linux,first_score,,,v3,7.3
2026-08-05,CVE-2024-53109,Linux,first_score,,,v3,7.8
2026-08-05,CVE-2024-53110,Linux,first_score,,,v3,7.3
2026-08-05,CVE-2024-53111,Linux,first_score,,,v3,7.1
2026-08-05,CVE-2024-53120,Linux,first_score,,,v3,7.5
2026-08-05,CVE-2024-53121,Linux,first_score,,,v3,7.8
2026-08-05,CVE-2024-53122,Linux,first_score,,,v3,7.5
2026-08-05,CVE-2024-53124,Linux,first_score,,,v3,7.5
2026-08-05,CVE-2024-53125,Linux,first_score,,,v3,7.8
2026-08-05,CVE-2024-53126,Linux,first_score,,,v3,7.1
2026-08-05,CVE-2024-53127,Linux,first_score,,,v3,7.8
2026-08-05,CVE-2024-53133,Linux,first_score,,,v3,7.8
2026-08-05,CVE-2024-53135,Linux,first_score,,,v3,8.8
2026-08-05,CVE-2024-53136,Linux,first_score,,,v3,7.5
2026-08-05,CVE-2024-53138,Linux,first_score,,,v3,9.8
2026-08-05,CVE-2024-53139,Linux,first_score,,,v3,7.8
2026-08-05,CVE-2024-53140,Linux,first_score,,,v3,7.8
2026-08-05,CVE-2024-53141,Linux,first_score,,,v3,7.8
2026-08-05,CVE-2024-53143,Linux,first_score,,,v3,7.8
2026-08-05,CVE-2024-53144,Linux,first_score,,,v3,8.8
2026-08-05,CVE-2024-53146,Linux,first_score,,,v3,9.1
2026-08-05,CVE-2024-53147,Linux,first_score,,,v3,7.8
2026-08-05,CVE-2024-53148,Linux,first_score,,,v3,7.8
2026-08-05,CVE-2024-53151,Linux,first_score,,,v3,7.5
2026-08-05,CVE-2024-53164,Linux,first_score,,,v3,7.8
2026-08-05,CVE-2024-53165,Linux,first_score,,,v3,7.4
2026-08-05,CVE-2024-53166,Linux,first_score,,,v3,7.8
2026-08-05,CVE-2024-53167,Linux,first_score,,,v3,7.5
2026-08-05,CVE-2024-53168,Linux,first_score,,,v3,7.8
2026-08-05,CVE-2024-53169,Linux,first_score,,,v3,9.8
2026-08-05,CVE-2024-53170,Linux,first_score,,,v3,7.8
2026-08-05,CVE-2024-53171,Linux,first_score,,,v3,7.8
2026-08-05,CVE-2024-53173,Linux,first_score,,,v3,7.8
2026-08-05,CVE-2024-53174,Linux,first_score,,,v3,7.8
2026-08-05,CVE-2024-53176,Linux,first_score,,,v3,9.8
2026-08-05,CVE-2024-53177,Linux,first_score,,,v3,9.8
2026-08-05,CVE-2024-53178,Linux,first_score,,,v3,7.5
2026-08-05,CVE-2024-53179,Linux,first_score,,,v3,9.8
2026-08-05,CVE-2024-53182,Linux,first_score,,,v3,7.8
2026-08-05,CVE-2024-53185,Linux,first_score,,,v3,7.5
2026-08-05,CVE-2024-53186,Linux,first_score,,,v3,9.8
2026-08-05,CVE-2024-53188,Linux,first_score,,,v3,7.8
2026-08-05,CVE-2024-53191,Linux,first_score,,,v3,7.8
2026-08-05,CVE-2024-53192,Linux,first_score,,,v3,7.8
2026-08-05,CVE-2024-53193,Linux,first_score,,,v3,7.8
2026-08-05,CVE-2024-53198,Linux,first_score,,,v3,7.8
2026-08-05,CVE-2024-53206,Linux,first_score,,,v3,9.8
2026-08-05,CVE-2024-53207,Linux,first_score,,,v3,7.8
2026-08-05,CVE-2024-53208,Linux,first_score,,,v3,7.8
2026-08-05,CVE-2024-53209,Linux,first_score,,,v3,9.8
2026-08-05,CVE-2024-53214,Linux,first_score,,,v3,7.8
2026-08-05,CVE-2024-53216,Linux,first_score,,,v3,7.8
2026-08-05,CVE-2024-53217,Linux,first_score,,,v3,7.5
2026-08-05,CVE-2024-53220,Linux,first_score,,,v3,7.8
2026-08-05,CVE-2024-53224,Linux,first_score,,,v3,8.8
2026-08-05,CVE-2024-53226,Linux,first_score,,,v3,7.5
2026-08-05,CVE-2024-53232,Linux,first_score,,,v3,7.8
2026-08-05,CVE-2024-53237,Linux,first_score,,,v3,8.8
2026-08-05,CVE-2024-53239,Linux,first_score,,,v3,7.8
2026-08-05,CVE-2024-54456,Linux,first_score,,,v3,7.8
2026-08-05,CVE-2024-54458,Linux,first_score,,,v3,7.8
2026-08-05,CVE-2024-55639,Linux,first_score,,,v3,8.4
2026-08-05,CVE-2024-56368,Linux,first_score,,,v3,7.1
2026-08-05,CVE-2024-56531,Linux,first_score,,,v3,7.8
2026-08-05,CVE-2024-56538,Linux,first_score,,,v3,7.8
2026-08-05,CVE-2024-56540,Linux,first_score,,,v3,7.8
2026-08-05,CVE-2024-56548,Linux,first_score,,,v3,7.8
2026-08-05,CVE-2024-56549,Linux,first_score,,,v3,7.8
2026-08-05,CVE-2024-56551,Linux,first_score,,,v3,7.8
2026-08-05,CVE-2024-56552,Linux,first_score,,,v3,7.8
2026-08-05,CVE-2024-56554,Linux,first_score,,,v3,7.8
2026-08-05,CVE-2024-56555,Linux,first_score,,,v3,7.8
2026-08-05,CVE-2024-56556,Linux,first_score,,,v3,7.8
2026-08-05,CVE-2024-56557,Linux,first_score,,,v3,7.8
2026-08-05,CVE-2024-56558,Linux,first_score,,,v3,7.8
2026-08-05,CVE-2024-56563,Linux,first_score,,,v3,7.8
2026-08-05,CVE-2024-56573,Linux,first_score,,,v3,7.0
2026-08-05,CVE-2024-56576,Linux,first_score,,,v3,7.8
2026-08-05,CVE-2024-56581,Linux,first_score,,,v3,7.0
2026-08-05,CVE-2024-56590,Linux,first_score,,,v3,7.6
2026-08-05,CVE-2024-56591,Linux,first_score,,,v3,8.8
2026-08-05,CVE-2024-56596,Linux,first_score,,,v3,7.8
2026-08-05,CVE-2024-56597,Linux,first_score,,,v3,7.8
2026-08-05,CVE-2024-56598,Linux,first_score,,,v3,7.1
2026-08-05,CVE-2024-56600,Linux,first_score,,,v3,7.8
2026-08-05,CVE-2024-56601,Linux,first_score,,,v3,7.8
2026-08-05,CVE-2024-56602,Linux,first_score,,,v3,7.0
2026-08-05,CVE-2024-56603,Linux,first_score,,,v3,7.8
2026-08-05,CVE-2024-56604,Linux,first_score,,,v3,7.8
2026-08-05,CVE-2024-56605,Linux,first_score,,,v3,7.8
2026-08-05,CVE-2024-56606,Linux,first_score,,,v3,7.8
2026-08-05,CVE-2024-56608,Linux,first_score,,,v3,7.8
2026-08-05,CVE-2024-56619,Linux,first_score,,,v3,7.8
2026-08-05,CVE-2024-56624,Linux,first_score,,,v3,7.8
2026-08-05,CVE-2024-56626,Linux,first_score,,,v3,8.8
2026-08-05,CVE-2024-56627,Linux,first_score,,,v3,8.1
2026-08-05,CVE-2024-56628,Linux,first_score,,,v3,7.8
2026-08-05,CVE-2024-56631,Linux,first_score,,,v3,7.8
2026-08-05,CVE-2024-56632,Linux,first_score,,,v3,7.5
2026-08-05,CVE-2024-56635,Linux,first_score,,,v3,7.8
2026-08-05,CVE-2024-56637,Linux,first_score,,,v3,7.3
2026-08-05,CVE-2024-56640,Linux,first_score,,,v3,9.8
2026-08-05,CVE-2024-56641,Linux,first_score,,,v3,7.5
2026-08-05,CVE-2024-56642,Linux,first_score,,,v3,7.8
2026-08-05,CVE-2024-56644,Linux,first_score,,,v3,7.5
2026-08-05,CVE-2024-56645,Linux,first_score,,,v3,9.8
2026-08-05,CVE-2024-56650,Linux,first_score,,,v3,7.1
2026-08-05,CVE-2024-56651,Linux,first_score,,,v3,8.8
2026-08-05,CVE-2024-56652,Linux,first_score,,,v3,7.8
2026-08-05,CVE-2024-56653,Linux,first_score,,,v3,8.8
2026-08-05,CVE-2024-56654,Linux,first_score,,,v3,7.8
2026-08-05,CVE-2024-56655,Linux,first_score,,,v3,7.8
2026-08-05,CVE-2024-56656,Linux,first_score,,,v3,9.8
2026-08-05,CVE-2024-56658,Linux,first_score,,,v3,7.8
2026-08-05,CVE-2024-56662,Linux,first_score,,,v3,7.8
2026-08-05,CVE-2024-56663,Linux,first_score,,,v3,7.8
2026-08-05,CVE-2024-56664,Linux,first_score,,,v3,7.8
2026-08-05,CVE-2024-56669,Linux,first_score,,,v3,8.8
2026-08-05,CVE-2024-56672,Linux,first_score,,,v3,7.8
2026-08-05,CVE-2024-56677,Linux,first_score,,,v3,7.8
2026-08-05,CVE-2024-56681,Linux,first_score,,,v3,7.8
2026-08-05,CVE-2024-56684,Linux,first_score,,,v3,8.4
2026-08-05,CVE-2024-56688,Linux,first_score,,,v3,7.5
2026-08-05,CVE-2024-56692,Linux,first_score,,,v3,7.8
2026-08-05,CVE-2024-56693,Linux,first_score,,,v3,7.8
2026-08-05,CVE-2024-56694,Linux,first_score,,,v3,7.5
2026-08-05,CVE-2024-56703,Linux,first_score,,,v3,7.5
2026-08-05,CVE-2024-56704,Linux,first_score,,,v3,8.4
2026-08-05,CVE-2024-56706,Linux,first_score,,,v3,7.8
2026-08-05,CVE-2024-56709,Linux,first_score,,,v3,7.8
2026-08-05,CVE-2024-56715,Linux,first_score,,,v3,7.8
2026-08-05,CVE-2024-56717,Linux,first_score,,,v3,7.5
2026-08-05,CVE-2024-56718,Linux,first_score,,,v3,9.8
2026-08-05,CVE-2024-56719,Linux,first_score,,,v3,10.0
2026-08-05,CVE-2024-56720,Linux,first_score,,,v3,7.8
2026-08-05,CVE-2024-56721,Linux,first_score,,,v3,7.1
2026-08-05,CVE-2024-56740,Linux,first_score,,,v3,7.8
2026-08-05,CVE-2024-56749,Linux,first_score,,,v3,7.5
2026-08-05,CVE-2024-56757,Linux,first_score,,,v3,7.8
2026-08-05,CVE-2024-56759,Linux,first_score,,,v3,7.8
2026-08-05,CVE-2024-56764,Linux,first_score,,,v3,7.8
2026-08-05,CVE-2024-56765,Linux,first_score,,,v3,7.8
2026-08-05,CVE-2024-56775,Linux,first_score,,,v3,7.8
2026-08-05,CVE-2024-56779,Linux,first_score,,,v3,9.8
2026-08-05,CVE-2024-56784,Linux,first_score,,,v3,7.8
2026-08-05,CVE-2024-56788,Linux,first_score,,,v3,7.5
2026-08-05,CVE-2024-57791,Linux,first_score,,,v3,7.5
2026-08-05,CVE-2024-57792,Linux,first_score,,,v3,7.3
2026-08-05,CVE-2024-57793,Linux,first_score,,,v3,9.3
2026-08-05,CVE-2024-57795,Linux,first_score,,,v3,7.8
2026-08-05,CVE-2024-57801,Linux,first_score,,,v3,7.8
2026-08-05,CVE-2024-57802,Linux,first_score,,,v3,9.4
2026-08-05,CVE-2024-57804,Linux,first_score,,,v3,7.3
2026-08-05,CVE-2024-57843,Linux,first_score,,,v3,9.8
2026-08-05,CVE-2024-57849,Linux,first_score,,,v3,7.8
2026-08-05,CVE-2024-57850,Linux,first_score,,,v3,7.8
2026-08-05,CVE-2024-57857,Linux,first_score,,,v3,7.8
2026-08-05,CVE-2024-57875,Linux,first_score,,,v3,7.8
2026-08-05,CVE-2024-57882,Linux,first_score,,,v3,9.8
2026-08-05,CVE-2024-57883,Linux,first_score,,,v3,7.8
2026-08-05,CVE-2024-57887,Linux,first_score,,,v3,7.8
2026-08-05,CVE-2024-57893,Linux,first_score,,,v3,7.8
2026-08-05,CVE-2024-57895,Linux,first_score,,,v3,7.1
2026-08-05,CVE-2024-57896,Linux,first_score,,,v3,7.8
2026-08-05,CVE-2024-57899,Linux,first_score,,,v3,7.6
2026-08-05,CVE-2024-57901,Linux,first_score,,,v3,7.3
2026-08-05,CVE-2024-57902,Linux,first_score,,,v3,7.3
2026-08-05,CVE-2024-57918,Linux,first_score,,,v3,7.8
2026-08-05,CVE-2024-57921,Linux,first_score,,,v3,7.8
2026-08-05,CVE-2024-57926,Linux,first_score,,,v3,7.8
2026-08-05,CVE-2024-57929,Linux,first_score,,,v3,7.8
2026-08-05,CVE-2024-57932,Linux,first_score,,,v3,9.8
2026-08-05,CVE-2024-57936,Linux,first_score,,,v3,9.8
2026-08-05,CVE-2024-57945,Linux,first_score,,,v3,7.8
2026-08-05,CVE-2024-57947,Linux,first_score,,,v3,9.8
2026-08-05,CVE-2024-57952,Linux,first_score,,,v3,7.1
2026-08-05,CVE-2024-57973,Linux,first_score,,,v3,8.1
2026-08-05,CVE-2024-57975,Linux,first_score,,,v3,7.8
2026-08-05,CVE-2024-57976,Linux,first_score,,,v3,7.8
2026-08-05,CVE-2024-57979,Linux,first_score,,,v3,7.8
2026-08-05,CVE-2024-57982,Linux,first_score,,,v3,7.8
2026-08-05,CVE-2024-57983,Linux,first_score,,,v3,7.8
2026-08-05,CVE-2024-57984,Linux,first_score,,,v3,7.8
2026-08-05,CVE-2024-57985,Linux,first_score,,,v3,7.0
2026-08-05,CVE-2024-57986,Linux,first_score,,,v3,7.1
2026-08-05,CVE-2024-57990,Linux,first_score,,,v3,7.8
2026-08-05,CVE-2024-57995,Linux,first_score,,,v3,8.8
2026-08-05,CVE-2024-57996,Linux,first_score,,,v3,7.8
2026-08-05,CVE-2024-57997,Linux,first_score,,,v3,8.8
2026-08-05,CVE-2024-57998,Linux,first_score,,,v3,7.3
2026-08-05,CVE-2024-57999,Linux,first_score,,,v3,8.8
2026-08-05,CVE-2024-58002,Linux,first_score,,,v3,7.8
2026-08-05,CVE-2024-58003,Linux,first_score,,,v3,7.8
2026-08-05,CVE-2024-58004,Linux,first_score,,,v3,7.8
2026-08-05,CVE-2024-58006,Linux,first_score,,,v3,9.6
2026-08-05,CVE-2024-58008,Linux,first_score,,,v3,7.8
2026-08-05,CVE-2024-58010,Linux,first_score,,,v3,7.8
2026-08-05,CVE-2024-58013,Linux,first_score,,,v3,7.8
2026-08-05,CVE-2024-58019,Linux,first_score,,,v3,7.8
2026-08-05,CVE-2024-58034,Linux,first_score,,,v3,7.8
2026-08-05,CVE-2024-58053,Linux,first_score,,,v3,7.5
2026-08-05,CVE-2024-58060,Linux,first_score,,,v3,7.8
2026-08-05,CVE-2024-58069,Linux,first_score,,,v3,7.8
2026-08-05,CVE-2024-58070,Linux,first_score,,,v3,7.8
2026-08-05,CVE-2024-58075,Linux,first_score,,,v3,7.8
2026-08-05,CVE-2024-58079,Linux,first_score,,,v3,7.8
2026-08-05,CVE-2024-58083,Linux,first_score,,,v3,7.8
2026-08-05,CVE-2024-58086,Linux,first_score,,,v3,7.8
2026-08-05,CVE-2024-58087,Linux,first_score,,,v3,9.8
2026-08-05,CVE-2024-58089,Linux,first_score,,,v3,7.8
2026-08-05,CVE-2024-58091,Linux,first_score,,,v3,7.8
2026-08-05,CVE-2024-58094,Linux,first_score,,,v3,7.8
2026-08-05,CVE-2024-58096,Linux,first_score,,,v3,8.8
2026-08-05,CVE-2024-58098,Linux,first_score,,,v3,7.8
2026-08-05,CVE-2024-58099,Linux,first_score,,,v3,8.6
2026-08-05,CVE-2024-58100,Linux,first_score,,,v3,7.8
2026-08-05,CVE-2024-58237,Linux,first_score,,,v3,7.8
2026-08-05,CVE-2024-58238,Linux,first_score,,,v3,7.1
2026-08-05,CVE-2024-58239,Linux,first_score,,,v3,8.2
2026-08-05,CVE-2024-58240,Linux,first_score,,,v3,9.8
2026-08-05,CVE-2024-58241,Linux,first_score,,,v3,7.8
2026-08-05,CVE-2025-37755,Linux,first_score,,,v3,7.5
2026-08-05,CVE-2025-37761,Linux,first_score,,,v3,7.8
2026-08-05,CVE-2025-37774,Linux,first_score,,,v3,7.8
2026-08-05,CVE-2025-37778,Linux,first_score,,,v3,9.8
2026-08-05,CVE-2025-37785,Linux,first_score,,,v3,7.8
2026-08-05,CVE-2025-37790,Linux,first_score,,,v3,8.8
2026-08-05,CVE-2025-5318,redhat,rescore,v3,8.1,v3,5.4
2026-08-05,CVE-2025-61813,adobe,rescore,v3,8.2,v3,7.4
2026-08-05,CVE-2026-36214,mitre,first_score,,,v3,6.4
2026-08-05,CVE-2026-47996,adobe,rescore,v3,7.6,v3,6.8
2026-08-05,CVE-2026-48322,adobe,rescore,v3,9.6,v3,9.9
2026-08-06,CVE-2026-70369,TuranSec,first_score,,,v3,8.8
2026-08-06,CVE-2026-70370,TuranSec,first_score,,,v3,8.8
2026-08-06,CVE-2026-70371,TuranSec,first_score,,,v3,8.8
2026-08-06,CVE-2026-70372,TuranSec,first_score,,,v3,8.8
2026-08-06,CVE-2026-70373,TuranSec,first_score,,,v3,8.8
2026-08-07,CVE-2026-19023,HDFG,rescore,v4,0.0,v4,6.8
2026-08-07,CVE-2026-47991,adobe,rescore,v3,4.3,v3,6.1
2026-08-07,CVE-2026-48000,adobe,rescore,v3,4.3,v3,6.1
2026-08-08,CVE-2024-5974,WatchGuard,version_shift,v3,7.2,v4,8.6
2026-08-08,CVE-2024-6592,WatchGuard,version_shift,v3,9.1,v4,9.3
2026-08-08,CVE-2024-6593,WatchGuard,version_shift,v3,9.1,v4,9.3
2026-08-08,CVE-2024-6594,WatchGuard,version_shift,v3,7.5,v4,8.7
2026-08-08,CVE-2024-8424,WatchGuard,version_shift,v3,7.8,v4,8.5
2026-08-09,CVE-2026-64561,Linux,first_score,,,v3,8.8
2026-08-09,CVE-2026-64562,Linux,first_score,,,v3,8.8
2026-08-09,CVE-2026-64563,Linux,first_score,,,v3,7.8
2026-08-09,CVE-2026-64564,Linux,first_score,,,v3,9.8
2026-08-09,CVE-2026-64566,Linux,first_score,,,v3,9.8
2026-08-09,CVE-2026-64567,Linux,first_score,,,v3,7.8
2026-08-09,CVE-2026-64568,Linux,first_score,,,v3,7.8
2026-08-09,CVE-2026-64570,Linux,first_score,,,v3,7.8
2026-08-09,CVE-2026-64574,Linux,first_score,,,v3,7.8
2026-08-09,CVE-2026-64575,Linux,first_score,,,v3,7.8
2026-08-09,CVE-2026-64576,Linux,first_score,,,v3,7.1
2026-08-09,CVE-2026-64577,Linux,first_score,,,v3,7.5
2026-08-09,CVE-2026-64578,Linux,first_score,,,v3,8.2
2026-08-09,CVE-2026-64580,Linux,first_score,,,v3,7.8
2026-08-09,CVE-2026-64581,Linux,first_score,,,v3,7.8
2026-08-09,CVE-2026-64582,Linux,first_score,,,v3,7.8
2026-08-09,CVE-2026-64583,Linux,first_score,,,v3,7.8
2026-08-09,CVE-2026-64584,Linux,first_score,,,v3,7.8
2026-08-09,CVE-2026-64585,Linux,first_score,,,v3,7.8
2026-08-09,CVE-2026-64586,Linux,first_score,,,v3,8.8
2026-08-09,CVE-2026-64587,Linux,first_score,,,v3,7.0
2026-08-09,CVE-2026-64588,Linux,first_score,,,v3,7.8
2026-08-09,CVE-2026-64597,Linux,first_score,,,v3,9.8
2026-08-09,CVE-2026-64598,Linux,first_score,,,v3,8.8
2026-08-09,CVE-2026-64599,Linux,first_score,,,v3,7.8
2026-08-09,CVE-2026-64601,Linux,first_score,,,v3,7.8
2026-08-11,CVE-2021-4037,redhat,first_score,,,v3,4.4
2026-08-11,CVE-2023-2008,redhat,first_score,,,v3,8.2
2026-08-11,CVE-2024-21489,snyk,version_shift,v3,8.2,v4,8.8
2026-08-12,CVE-2025-61848,fortinet,rescore,v3,6.8,v3,6.5
2026-08-12,CVE-2026-18772,samsung.tv_appliance,rescore,v3,5.5,v3,6.5
2026-08-12,CVE-2026-19429,TuranSec,rescore,v4,8.1,v4,9.4
2026-08-13,CVE-2026-10090,redhat,rescore,v3,9.9,v3,9.0
2026-08-14,CVE-2026-68082,Linux,first_score,,,v3,9.8
2026-08-14,CVE-2026-68083,Linux,first_score,,,v3,9.1
2026-08-14,CVE-2026-68085,Linux,first_score,,,v3,8.0
2026-08-14,CVE-2026-68091,Linux,first_score,,,v3,8.8
2026-08-14,CVE-2026-68096,Linux,first_score,,,v3,7.5
2026-08-14,CVE-2026-68097,Linux,first_score,,,v3,8.8
2026-08-14,CVE-2026-68098,Linux,first_score,,,v3,8.8
2026-08-14,CVE-2026-68100,Linux,first_score,,,v3,8.1
2026-08-14,CVE-2026-68103,Linux,first_score,,,v3,7.1
2026-08-14,CVE-2026-68104,Linux,first_score,,,v3,7.8
2026-08-14,CVE-2026-68106,Linux,first_score,,,v3,7.8
2026-08-14,CVE-2026-68107,Linux,first_score,,,v3,8.8
2026-08-14,CVE-2026-68108,Linux,first_score,,,v3,8.8
2026-08-14,CVE-2026-68116,Linux,first_score,,,v3,7.9
2026-08-14,CVE-2026-68117,Linux,first_score,,,v3,9.8
2026-08-14,CVE-2026-68118,Linux,first_score,,,v3,8.2
2026-08-14,CVE-2026-68119,Linux,first_score,,,v3,7.5
2026-08-14,CVE-2026-68120,Linux,first_score,,,v3,7.5
2026-08-14,CVE-2026-68121,Linux,first_score,,,v3,7.8
2026-08-14,CVE-2026-68123,Linux,first_score,,,v3,9.8
2026-08-14,CVE-2026-68124,Linux,first_score,,,v3,9.6
2026-08-14,CVE-2026-68125,Linux,first_score,,,v3,8.8
2026-08-14,CVE-2026-68127,Linux,first_score,,,v3,9.8
2026-08-14,CVE-2026-68128,Linux,first_score,,,v3,8.8
2026-08-14,CVE-2026-68129,Linux,first_score,,,v3,7.5
2026-08-14,CVE-2026-68131,Linux,first_score,,,v3,7.5
2026-08-14,CVE-2026-68134,Linux,first_score,,,v3,7.3
2026-08-14,CVE-2026-68136,Linux,first_score,,,v3,9.8
2026-08-14,CVE-2026-68137,Linux,first_score,,,v3,9.8
2026-08-14,CVE-2026-68138,Linux,first_score,,,v3,7.8
2026-08-14,CVE-2026-68140,Linux,first_score,,,v3,8.8
2026-08-14,CVE-2026-68141,Linux,first_score,,,v3,7.5
2026-08-14,CVE-2026-68142,Linux,first_score,,,v3,8.8
2026-08-14,CVE-2026-68143,Linux,first_score,,,v3,7.8
2026-08-14,CVE-2026-68144,Linux,first_score,,,v3,9.8
2026-08-14,CVE-2026-68145,Linux,first_score,,,v3,7.8
2026-08-14,CVE-2026-68147,Linux,first_score,,,v3,7.8
2026-08-14,CVE-2026-68148,Linux,first_score,,,v3,7.8
2026-08-14,CVE-2026-68149,Linux,first_score,,,v3,8.4
2026-08-14,CVE-2026-68152,Linux,first_score,,,v3,7.8
2026-08-14,CVE-2026-68153,Linux,first_score,,,v3,7.8
2026-08-14,CVE-2026-68154,Linux,first_score,,,v3,9.8
2026-08-14,CVE-2026-68155,Linux,first_score,,,v3,7.5
2026-08-14,CVE-2026-68156,Linux,first_score,,,v3,9.8
2026-08-14,CVE-2026-68157,Linux,first_score,,,v3,7.5
2026-08-14,CVE-2026-68158,Linux,first_score,,,v3,9.8
2026-08-14,CVE-2026-68159,Linux,first_score,,,v3,9.8
2026-08-14,CVE-2026-68160,Linux,first_score,,,v3,9.8
2026-08-14,CVE-2026-68161,Linux,first_score,,,v3,9.8
2026-08-14,CVE-2026-68162,Linux,first_score,,,v3,7.8
2026-08-14,CVE-2026-68163,Linux,first_score,,,v3,7.8
2026-08-14,CVE-2026-68170,Linux,first_score,,,v3,9.8
2026-08-14,CVE-2026-68172,Linux,first_score,,,v3,7.1
2026-08-14,CVE-2026-68173,Linux,first_score,,,v3,7.1
2026-08-14,CVE-2026-68177,Linux,first_score,,,v3,7.8
2026-08-14,CVE-2026-68178,Linux,first_score,,,v3,7.8
2026-08-14,CVE-2026-68179,Linux,first_score,,,v3,8.4
2026-08-14,CVE-2026-68189,Linux,first_score,,,v3,7.8
2026-08-14,CVE-2026-68192,Linux,first_score,,,v3,8.8
2026-08-14,CVE-2026-68196,Linux,first_score,,,v3,8.3
2026-08-14,CVE-2026-68198,Linux,first_score,,,v3,8.8
2026-08-14,CVE-2026-68199,Linux,first_score,,,v3,8.8
2026-08-14,CVE-2026-68200,Linux,first_score,,,v3,7.8
2026-08-14,CVE-2026-68201,Linux,first_score,,,v3,7.8
2026-08-14,CVE-2026-68202,Linux,first_score,,,v3,7.8
2026-08-14,CVE-2026-68204,Linux,first_score,,,v3,7.8
2026-08-14,CVE-2026-68206,Linux,first_score,,,v3,7.8
2026-08-14,CVE-2026-68209,Linux,first_score,,,v3,7.8
2026-08-14,CVE-2026-68210,Linux,first_score,,,v3,7.8
2026-08-14,CVE-2026-68213,Linux,first_score,,,v3,7.8
2026-08-14,CVE-2026-68216,Linux,first_score,,,v3,7.8
2026-08-14,CVE-2026-68219,Linux,first_score,,,v3,7.8
2026-08-14,CVE-2026-68222,Linux,first_score,,,v3,7.8
2026-08-14,CVE-2026-68228,Linux,first_score,,,v3,7.8
2026-08-14,CVE-2026-68229,Linux,first_score,,,v3,7.1
2026-08-14,CVE-2026-68230,Linux,first_score,,,v3,7.3
2026-08-14,CVE-2026-68236,Linux,first_score,,,v3,7.8
2026-08-14,CVE-2026-68240,Linux,first_score,,,v3,8.8
2026-08-14,CVE-2026-68245,Linux,first_score,,,v3,7.8
2026-08-14,CVE-2026-68253,Linux,first_score,,,v3,7.8
2026-08-14,CVE-2026-68255,Linux,first_score,,,v3,7.7
2026-08-14,CVE-2026-68257,Linux,first_score,,,v3,7.8
2026-08-14,CVE-2026-68258,Linux,first_score,,,v3,7.1
2026-08-14,CVE-2026-68260,Linux,first_score,,,v3,7.8
2026-08-14,CVE-2026-68262,Linux,first_score,,,v3,7.1
2026-08-14,CVE-2026-68263,Linux,first_score,,,v3,7.8
2026-08-14,CVE-2026-68264,Linux,first_score,,,v3,7.8
2026-08-14,CVE-2026-68265,Linux,first_score,,,v3,7.3
2026-08-14,CVE-2026-68266,Linux,first_score,,,v3,7.8
2026-08-14,CVE-2026-68273,Linux,first_score,,,v3,7.8
2026-08-14,CVE-2026-68274,Linux,first_score,,,v3,7.8
2026-08-14,CVE-2026-68283,Linux,first_score,,,v3,8.8
2026-08-14,CVE-2026-68284,Linux,first_score,,,v3,7.8
2026-08-14,CVE-2026-68287,Linux,first_score,,,v3,7.5
2026-08-14,CVE-2026-68290,Linux,first_score,,,v3,7.8
2026-08-14,CVE-2026-68293,Linux,first_score,,,v3,7.1
2026-08-14,CVE-2026-68294,Linux,first_score,,,v3,8.8
2026-08-14,CVE-2026-68295,Linux,first_score,,,v3,7.8
2026-08-14,CVE-2026-68297,Linux,first_score,,,v3,7.8
2026-08-14,CVE-2026-68298,Linux,first_score,,,v3,7.8
2026-08-14,CVE-2026-68299,Linux,first_score,,,v3,7.5
2026-08-14,CVE-2026-68300,Linux,first_score,,,v3,9.8
2026-08-14,CVE-2026-68302,Linux,first_score,,,v3,9.8
2026-08-14,CVE-2026-68305,Linux,first_score,,,v3,7.8
2026-08-14,CVE-2026-68314,Linux,first_score,,,v3,7.8
2026-08-14,CVE-2026-68315,Linux,first_score,,,v3,7.5
2026-08-14,CVE-2026-68316,Linux,first_score,,,v3,7.8
2026-08-14,CVE-2026-68320,Linux,first_score,,,v3,7.3
2026-08-14,CVE-2026-68323,Linux,first_score,,,v3,7.8
2026-08-14,CVE-2026-68326,Linux,first_score,,,v3,8.8
2026-08-14,CVE-2026-68329,Linux,first_score,,,v3,8.8
2026-08-14,CVE-2026-68330,Linux,first_score,,,v3,7.8
2026-08-14,CVE-2026-68335,Linux,first_score,,,v3,7.8
2026-08-14,CVE-2026-68338,Linux,first_score,,,v3,7.8
2026-08-14,CVE-2026-68340,Linux,first_score,,,v3,7.7
2026-08-14,CVE-2026-68341,Linux,first_score,,,v3,8.8
2026-08-14,CVE-2026-68343,Linux,first_score,,,v3,9.1
2026-08-14,CVE-2026-68348,Linux,first_score,,,v3,7.1
2026-08-14,CVE-2026-68352,Linux,first_score,,,v3,8.3
2026-08-14,CVE-2026-68353,Linux,first_score,,,v3,8.1
2026-08-14,CVE-2026-68354,Linux,first_score,,,v3,8.8
2026-08-14,CVE-2026-68370,Linux,first_score,,,v3,7.8
2026-08-14,CVE-2026-68371,Linux,first_score,,,v3,8.4
2026-08-14,CVE-2026-68373,Linux,first_score,,,v3,8.1
2026-08-14,CVE-2026-68374,Linux,first_score,,,v3,7.8
2026-08-14,CVE-2026-68376,Linux,first_score,,,v3,8.1
2026-08-14,CVE-2026-68377,Linux,first_score,,,v3,7.8
2026-08-14,CVE-2026-68379,Linux,first_score,,,v3,7.5
2026-08-14,CVE-2026-68380,Linux,first_score,,,v3,7.8
2026-08-14,CVE-2026-68381,Linux,first_score,,,v3,9.8
2026-08-14,CVE-2026-68382,Linux,first_score,,,v3,7.8
2026-08-14,CVE-2026-68383,Linux,first_score,,,v3,7.8
2026-08-14,CVE-2026-68384,Linux,first_score,,,v3,7.8
2026-08-14,CVE-2026-68385,Linux,first_score,,,v3,9.8
2026-08-14,CVE-2026-68387,Linux,first_score,,,v3,7.8
2026-08-14,CVE-2026-68388,Linux,first_score,,,v3,9.8
2026-08-14,CVE-2026-68389,Linux,first_score,,,v3,8.8
2026-08-14,CVE-2026-68390,Linux,first_score,,,v3,8.8
2026-08-14,CVE-2026-68391,Linux,first_score,,,v3,7.8
2026-08-14,CVE-2026-68392,Linux,first_score,,,v3,7.8
2026-08-14,CVE-2026-68393,Linux,first_score,,,v3,8.8
2026-08-14,CVE-2026-68394,Linux,first_score,,,v3,7.8
2026-08-14,CVE-2026-68397,Linux,first_score,,,v3,8.8
2026-08-14,CVE-2026-68398,Linux,first_score,,,v3,7.8
2026-08-14,CVE-2026-68399,Linux,first_score,,,v3,7.8
2026-08-14,CVE-2026-68400,Linux,first_score,,,v3,7.8
2026-08-14,CVE-2026-68401,Linux,first_score,,,v3,7.8
2026-08-14,CVE-2026-68402,Linux,first_score,,,v3,7.1
2026-08-14,CVE-2026-68404,Linux,first_score,,,v3,7.8
2026-08-14,CVE-2026-68409,Linux,first_score,,,v3,8.8
2026-08-14,CVE-2026-68414,Linux,first_score,,,v3,7.5
2026-08-14,CVE-2026-68415,Linux,first_score,,,v3,7.8
2026-08-14,CVE-2026-68417,Linux,first_score,,,v3,7.8
2026-08-14,CVE-2026-68419,Linux,first_score,,,v3,7.8
2026-08-14,CVE-2026-68420,Linux,first_score,,,v3,7.1
2026-08-14,CVE-2026-68425,Linux,first_score,,,v3,7.1
2026-08-14,CVE-2026-68426,Linux,first_score,,,v3,9.8
2026-08-14,CVE-2026-68427,Linux,first_score,,,v3,7.8
2026-08-14,CVE-2026-68431,Linux,first_score,,,v3,9.1
2026-08-14,CVE-2026-68432,Linux,first_score,,,v3,8.8
2026-08-14,CVE-2026-68433,Linux,first_score,,,v3,8.6
2026-08-14,CVE-2026-68440,Linux,first_score,,,v3,7.8
2026-08-14,CVE-2026-68442,Linux,first_score,,,v3,7.8
2026-08-14,CVE-2026-68445,Linux,first_score,,,v3,7.8
2026-08-14,CVE-2026-68446,Linux,first_score,,,v3,7.8
2026-08-14,CVE-2026-68447,Linux,first_score,,,v3,7.1
2026-08-15,CVE-2026-44962,hackerone,rescore,v3,10.0,v3,9.9
2026-08-15,CVE-2026-65796,microsoft,rescore,v3,5.9,v3,8.1
2026-08-18,CVE-2026-68457,Linux,first_score,,,v3,9.1
2026-08-18,CVE-2026-68458,Linux,first_score,,,v3,7.8
2026-08-18,CVE-2026-68461,Linux,first_score,,,v3,7.8
2026-08-18,CVE-2026-68462,Linux,first_score,,,v3,7.8
2026-08-18,CVE-2026-68466,Linux,first_score,,,v3,8.8
2026-08-18,CVE-2026-68467,Linux,first_score,,,v3,7.8
2026-08-18,CVE-2026-68470,Linux,first_score,,,v3,8.8
2026-08-18,CVE-2026-68471,Linux,first_score,,,v3,8.8
2026-08-18,CVE-2026-68472,Linux,first_score,,,v3,8.1
2026-08-18,CVE-2026-68473,Linux,first_score,,,v3,7.8
2026-08-18,CVE-2026-68474,Linux,first_score,,,v3,7.8
2026-08-18,CVE-2026-68476,Linux,first_score,,,v3,9.8
2026-08-18,CVE-2026-68477,Linux,first_score,,,v3,9.8
2026-08-18,CVE-2026-68479,Linux,first_score,,,v3,7.8
2026-08-18,CVE-2026-72003,Linux,first_score,,,v3,8.8
2026-08-18,CVE-2026-72005,Linux,first_score,,,v3,7.8
2026-08-18,CVE-2026-72009,Linux,first_score,,,v3,7.8
2026-08-18,CVE-2026-72012,Linux,first_score,,,v3,7.8
2026-08-18,CVE-2026-72014,Linux,first_score,,,v3,9.8
2026-08-18,CVE-2026-72018,Linux,first_score,,,v3,7.8
2026-08-18,CVE-2026-72019,Linux,first_score,,,v3,7.3
2026-08-18,CVE-2026-72020,Linux,first_score,,,v3,9.8
2026-08-18,CVE-2026-72021,Linux,first_score,,,v3,8.2
2026-08-18,CVE-2026-72024,Linux,first_score,,,v3,7.8
2026-08-18,CVE-2026-72027,Linux,first_score,,,v3,7.8
2026-08-18,CVE-2026-72029,Linux,first_score,,,v3,8.8
2026-08-18,CVE-2026-72033,Linux,first_score,,,v3,9.8
2026-08-18,CVE-2026-72034,Linux,first_score,,,v3,7.8
2026-08-18,CVE-2026-72035,Linux,first_score,,,v3,8.2
2026-08-18,CVE-2026-72036,Linux,first_score,,,v3,7.8
2026-08-18,CVE-2026-72041,Linux,first_score,,,v3,9.8
2026-08-18,CVE-2026-72042,Linux,first_score,,,v3,7.8
2026-08-18,CVE-2026-72043,Linux,first_score,,,v3,7.1
2026-08-18,CVE-2026-72045,Linux,first_score,,,v3,8.8
2026-08-18,CVE-2026-72046,Linux,first_score,,,v3,9.8
2026-08-18,CVE-2026-72049,Linux,first_score,,,v3,7.1
2026-08-18,CVE-2026-72051,Linux,first_score,,,v3,8.8
2026-08-18,CVE-2026-72052,Linux,first_score,,,v3,8.8
2026-08-18,CVE-2026-72053,Linux,first_score,,,v3,8.8
2026-08-18,CVE-2026-72054,Linux,first_score,,,v3,8.8
2026-08-18,CVE-2026-72055,Linux,first_score,,,v3,8.8
2026-08-18,CVE-2026-72057,Linux,first_score,,,v3,8.2
2026-08-18,CVE-2026-72061,Linux,first_score,,,v3,8.8
2026-08-18,CVE-2026-72064,Linux,first_score,,,v3,9.8
2026-08-18,CVE-2026-72065,Linux,first_score,,,v3,9.8
2026-08-18,CVE-2026-72066,Linux,first_score,,,v3,7.8
2026-08-18,CVE-2026-72067,Linux,first_score,,,v3,7.8
2026-08-18,CVE-2026-72069,Linux,first_score,,,v3,9.8
2026-08-18,CVE-2026-72071,Linux,first_score,,,v3,7.8
2026-08-18,CVE-2026-72072,Linux,first_score,,,v3,7.8
2026-08-18,CVE-2026-72080,Linux,first_score,,,v3,7.8
2026-08-18,CVE-2026-72083,Linux,first_score,,,v3,9.8
2026-08-18,CVE-2026-72084,Linux,first_score,,,v3,9.8
2026-08-18,CVE-2026-72085,Linux,first_score,,,v3,9.3
2026-08-18,CVE-2026-72089,Linux,first_score,,,v3,7.1
2026-08-18,CVE-2026-72090,Linux,first_score,,,v3,7.8
2026-08-18,CVE-2026-72093,Linux,first_score,,,v3,7.8
2026-08-18,CVE-2026-72095,Linux,first_score,,,v3,7.8
2026-08-18,CVE-2026-72098,Linux,first_score,,,v3,9.8
2026-08-18,CVE-2026-72099,Linux,first_score,,,v3,7.1
2026-08-18,CVE-2026-72100,Linux,first_score,,,v3,8.8
2026-08-18,CVE-2026-72102,Linux,first_score,,,v3,7.8
2026-08-18,CVE-2026-72103,Linux,first_score,,,v3,7.3
2026-08-18,CVE-2026-72105,Linux,first_score,,,v3,7.8
2026-08-18,CVE-2026-72107,Linux,first_score,,,v3,8.8
2026-08-18,CVE-2026-72108,Linux,first_score,,,v3,7.8
2026-08-18,CVE-2026-72109,Linux,first_score,,,v3,7.8
2026-08-18,CVE-2026-72110,Linux,first_score,,,v3,7.8
2026-08-18,CVE-2026-72111,Linux,first_score,,,v3,8.8
2026-08-18,CVE-2026-72112,Linux,first_score,,,v3,7.8
2026-08-18,CVE-2026-72113,Linux,first_score,,,v3,7.8
2026-08-18,CVE-2026-72114,Linux,first_score,,,v3,7.8
2026-08-18,CVE-2026-72115,Linux,first_score,,,v3,8.1
2026-08-18,CVE-2026-72116,Linux,first_score,,,v3,7.1
2026-08-18,CVE-2026-72119,Linux,first_score,,,v3,7.8
2026-08-18,CVE-2026-72120,Linux,first_score,,,v3,7.8
2026-08-18,CVE-2026-72121,Linux,first_score,,,v3,8.8
2026-08-18,CVE-2026-72122,Linux,first_score,,,v3,7.3
2026-08-18,CVE-2026-72123,Linux,first_score,,,v3,7.8
2026-08-18,CVE-2026-72124,Linux,first_score,,,v3,8.8
2026-08-18,CVE-2026-72125,Linux,first_score,,,v3,7.8
2026-08-18,CVE-2026-72126,Linux,first_score,,,v3,7.8
2026-08-18,CVE-2026-72129,Linux,first_score,,,v3,9.8
2026-08-18,CVE-2026-72130,Linux,first_score,,,v3,9.8
2026-08-18,CVE-2026-72133,Linux,first_score,,,v3,8.4
2026-08-18,CVE-2026-72134,Linux,first_score,,,v3,7.8
2026-08-18,CVE-2026-72135,Linux,first_score,,,v3,7.8
2026-08-18,CVE-2026-72136,Linux,first_score,,,v3,8.8
2026-08-18,CVE-2026-72137,Linux,first_score,,,v3,9.8
2026-08-18,CVE-2026-72139,Linux,first_score,,,v3,9.8
2026-08-18,CVE-2026-72141,Linux,first_score,,,v3,7.5
2026-08-18,CVE-2026-72143,Linux,first_score,,,v3,7.1
2026-08-18,CVE-2026-72144,Linux,first_score,,,v3,7.8
2026-08-18,CVE-2026-72146,Linux,first_score,,,v3,8.4
2026-08-18,CVE-2026-72148,Linux,first_score,,,v3,8.8
2026-08-18,CVE-2026-72149,Linux,first_score,,,v3,7.5
2026-08-18,CVE-2026-72151,Linux,first_score,,,v3,8.4
2026-08-18,CVE-2026-72154,Linux,first_score,,,v3,7.8
2026-08-18,CVE-2026-72157,Linux,first_score,,,v3,8.8
2026-08-18,CVE-2026-72160,Linux,first_score,,,v3,8.8
2026-08-18,CVE-2026-72162,Linux,first_score,,,v3,7.8
2026-08-18,CVE-2026-72164,Linux,first_score,,,v3,7.8
2026-08-18,CVE-2026-72165,Linux,first_score,,,v3,7.8
2026-08-18,CVE-2026-72170,Linux,first_score,,,v3,7.8
2026-08-18,CVE-2026-72171,Linux,first_score,,,v3,7.8
2026-08-18,CVE-2026-72172,Linux,first_score,,,v3,7.8
2026-08-18,CVE-2026-72175,Linux,first_score,,,v3,7.1
2026-08-18,CVE-2026-72181,Linux,first_score,,,v3,7.8
2026-08-18,CVE-2026-72183,Linux,first_score,,,v3,8.4
2026-08-18,CVE-2026-72185,Linux,first_score,,,v3,9.8
2026-08-18,CVE-2026-72186,Linux,first_score,,,v3,9.1
2026-08-18,CVE-2026-72188,Linux,first_score,,,v3,9.1
2026-08-18,CVE-2026-72191,Linux,first_score,,,v3,9.8
2026-08-18,CVE-2026-72192,Linux,first_score,,,v3,9.8
2026-08-18,CVE-2026-72194,Linux,first_score,,,v3,9.8
2026-08-18,CVE-2026-72195,Linux,first_score,,,v3,7.8
2026-08-18,CVE-2026-72196,Linux,first_score,,,v3,8.4
2026-08-18,CVE-2026-72197,Linux,first_score,,,v3,8.4
2026-08-18,CVE-2026-72198,Linux,first_score,,,v3,7.8
2026-08-18,CVE-2026-72199,Linux,first_score,,,v3,9.8
2026-08-18,CVE-2026-72200,Linux,first_score,,,v3,9.8
2026-08-18,CVE-2026-72201,Linux,first_score,,,v3,9.8
2026-08-18,CVE-2026-72202,Linux,first_score,,,v3,7.5
2026-08-18,CVE-2026-72203,Linux,first_score,,,v3,7.5
2026-08-18,CVE-2026-72204,Linux,first_score,,,v3,8.4
2026-08-18,CVE-2026-72206,Linux,first_score,,,v3,9.8
2026-08-18,CVE-2026-72207,Linux,first_score,,,v3,9.8
2026-08-18,CVE-2026-72208,Linux,first_score,,,v3,9.8
2026-08-18,CVE-2026-72209,Linux,first_score,,,v3,9.8
2026-08-18,CVE-2026-72210,Linux,first_score,,,v3,9.8
2026-08-18,CVE-2026-72211,Linux,first_score,,,v3,9.8
2026-08-18,CVE-2026-72213,Linux,first_score,,,v3,7.1
2026-08-18,CVE-2026-72217,Linux,first_score,,,v3,9.8
2026-08-18,CVE-2026-72220,Linux,first_score,,,v3,9.8
2026-08-18,CVE-2026-72221,Linux,first_score,,,v3,9.8
2026-08-18,CVE-2026-72222,Linux,first_score,,,v3,9.8
2026-08-18,CVE-2026-72225,Linux,first_score,,,v3,7.8
2026-08-18,CVE-2026-72226,Linux,first_score,,,v3,9.8
2026-08-18,CVE-2026-72227,Linux,first_score,,,v3,8.1
2026-08-18,CVE-2026-72231,Linux,first_score,,,v3,7.5
2026-08-18,CVE-2026-72232,Linux,first_score,,,v3,7.8
2026-08-18,CVE-2026-72233,Linux,first_score,,,v3,8.8
2026-08-18,CVE-2026-72234,Linux,first_score,,,v3,9.8
2026-08-18,CVE-2026-72235,Linux,first_score,,,v3,8.8
2026-08-18,CVE-2026-72239,Linux,first_score,,,v3,9.3
2026-08-18,CVE-2026-72242,Linux,first_score,,,v3,7.5
2026-08-18,CVE-2026-72243,Linux,first_score,,,v3,8.4
2026-08-18,CVE-2026-72244,Linux,first_score,,,v3,7.8
2026-08-18,CVE-2026-72247,Linux,first_score,,,v3,7.5
2026-08-18,CVE-2026-72248,Linux,first_score,,,v3,9.8
2026-08-18,CVE-2026-72249,Linux,first_score,,,v3,9.8
2026-08-18,CVE-2026-72250,Linux,first_score,,,v3,7.8
2026-08-18,CVE-2026-72251,Linux,first_score,,,v3,9.8
2026-08-18,CVE-2026-72252,Linux,first_score,,,v3,7.8
2026-08-18,CVE-2026-72253,Linux,first_score,,,v3,7.5
2026-08-18,CVE-2026-72254,Linux,first_score,,,v3,7.5
2026-08-18,CVE-2026-72255,Linux,first_score,,,v3,7.8
2026-08-18,CVE-2026-72261,Linux,first_score,,,v3,7.8
2026-08-18,CVE-2026-72262,Linux,first_score,,,v3,7.8
2026-08-18,CVE-2026-72277,Linux,first_score,,,v3,9.3
2026-08-18,CVE-2026-72278,Linux,first_score,,,v3,9.3
2026-08-18,CVE-2026-72279,Linux,first_score,,,v3,9.0
2026-08-18,CVE-2026-72280,Linux,first_score,,,v3,7.1
2026-08-18,CVE-2026-72282,Linux,first_score,,,v3,7.8
2026-08-18,CVE-2026-72283,Linux,first_score,,,v3,8.8
2026-08-18,CVE-2026-72284,Linux,first_score,,,v3,7.1
2026-08-18,CVE-2026-72285,Linux,first_score,,,v3,7.8
2026-08-18,CVE-2026-72286,Linux,first_score,,,v3,8.8
2026-08-18,CVE-2026-72287,Linux,first_score,,,v3,7.8
2026-08-18,CVE-2026-72288,Linux,first_score,,,v3,9.3
2026-08-18,CVE-2026-72289,Linux,first_score,,,v3,9.3
2026-08-18,CVE-2026-72291,Linux,first_score,,,v3,9.3
2026-08-18,CVE-2026-72294,Linux,first_score,,,v3,8.8
2026-08-18,CVE-2026-72295,Linux,first_score,,,v3,8.8
2026-08-18,CVE-2026-72296,Linux,first_score,,,v3,9.1
2026-08-18,CVE-2026-72297,Linux,first_score,,,v3,7.1
2026-08-18,CVE-2026-72298,Linux,first_score,,,v3,8.4
2026-08-18,CVE-2026-72299,Linux,first_score,,,v3,9.8
2026-08-18,CVE-2026-72301,Linux,first_score,,,v3,7.8
2026-08-18,CVE-2026-72302,Linux,first_score,,,v3,7.8
2026-08-18,CVE-2026-72303,Linux,first_score,,,v3,7.8
2026-08-18,CVE-2026-72304,Linux,first_score,,,v3,7.8
2026-08-18,CVE-2026-72310,Linux,first_score,,,v3,8.1
2026-08-18,CVE-2026-72312,Linux,first_score,,,v3,7.9
2026-08-18,CVE-2026-72314,Linux,first_score,,,v3,7.8
2026-08-18,CVE-2026-72315,Linux,first_score,,,v3,7.8
2026-08-18,CVE-2026-72317,Linux,first_score,,,v3,9.8
2026-08-18,CVE-2026-72318,Linux,first_score,,,v3,9.4
2026-08-18,CVE-2026-72319,Linux,first_score,,,v3,9.8
2026-08-18,CVE-2026-72320,Linux,first_score,,,v3,9.1
2026-08-18,CVE-2026-72322,Linux,first_score,,,v3,9.8
2026-08-18,CVE-2026-72323,Linux,first_score,,,v3,9.8
2026-08-18,CVE-2026-72328,Linux,first_score,,,v3,7.8
2026-08-18,CVE-2026-72329,Linux,first_score,,,v3,9.3
2026-08-18,CVE-2026-72330,Linux,first_score,,,v3,7.5
2026-08-18,CVE-2026-72331,Linux,first_score,,,v3,7.8
2026-08-18,CVE-2026-72334,Linux,first_score,,,v3,8.8
2026-08-18,CVE-2026-72335,Linux,first_score,,,v3,7.8
2026-08-18,CVE-2026-72338,Linux,first_score,,,v3,7.8
2026-08-18,CVE-2026-72339,Linux,first_score,,,v3,9.8
2026-08-18,CVE-2026-72340,Linux,first_score,,,v3,7.8
2026-08-18,CVE-2026-72342,Linux,first_score,,,v3,8.4
2026-08-18,CVE-2026-72343,Linux,first_score,,,v3,8.4
2026-08-18,CVE-2026-72344,Linux,first_score,,,v3,7.8
2026-08-18,CVE-2026-72345,Linux,first_score,,,v3,7.8
2026-08-18,CVE-2026-72347,Linux,first_score,,,v3,7.3
2026-08-18,CVE-2026-72348,Linux,first_score,,,v3,9.1
2026-08-18,CVE-2026-72350,Linux,first_score,,,v3,7.8
2026-08-18,CVE-2026-72351,Linux,first_score,,,v3,9.8
2026-08-18,CVE-2026-72352,Linux,first_score,,,v3,7.8
2026-08-18,CVE-2026-72353,Linux,first_score,,,v3,8.8
2026-08-18,CVE-2026-72354,Linux,first_score,,,v3,8.8
2026-08-18,CVE-2026-72355,Linux,first_score,,,v3,9.8
2026-08-18,CVE-2026-72356,Linux,first_score,,,v3,7.5
2026-08-18,CVE-2026-72357,Linux,first_score,,,v3,7.8
2026-08-18,CVE-2026-72358,Linux,first_score,,,v3,7.8
2026-08-18,CVE-2026-72360,Linux,first_score,,,v3,8.4
2026-08-18,CVE-2026-72364,Linux,first_score,,,v3,7.1
2026-08-18,CVE-2026-72366,Linux,first_score,,,v3,9.8
2026-08-18,CVE-2026-72367,Linux,first_score,,,v3,8.8
2026-08-18,CVE-2026-72368,Linux,first_score,,,v3,7.8
2026-08-18,CVE-2026-72369,Linux,first_score,,,v3,7.8
2026-08-18,CVE-2026-72371,Linux,first_score,,,v3,7.8
2026-08-18,CVE-2026-72372,Linux,first_score,,,v3,7.8
2026-08-18,CVE-2026-72373,Linux,first_score,,,v3,7.5
2026-08-18,CVE-2026-72374,Linux,first_score,,,v3,7.5
2026-08-18,CVE-2026-72375,Linux,first_score,,,v3,7.8
2026-08-18,CVE-2026-72378,Linux,first_score,,,v3,7.5
2026-08-18,CVE-2026-72380,Linux,first_score,,,v3,8.8
2026-08-18,CVE-2026-72381,Linux,first_score,,,v3,9.8
2026-08-18,CVE-2026-72382,Linux,first_score,,,v3,8.8
2026-08-18,CVE-2026-72383,Linux,first_score,,,v3,7.8
2026-08-18,CVE-2026-72389,Linux,first_score,,,v3,7.8
2026-08-18,CVE-2026-72390,Linux,first_score,,,v3,7.8
2026-08-18,CVE-2026-72393,Linux,first_score,,,v3,9.8
2026-08-18,CVE-2026-72395,Linux,first_score,,,v3,7.1
2026-08-18,CVE-2026-72397,Linux,first_score,,,v3,7.1
2026-08-18,CVE-2026-72398,Linux,first_score,,,v3,9.8
2026-08-18,CVE-2026-72399,Linux,first_score,,,v3,9.8
2026-08-18,CVE-2026-72400,Linux,first_score,,,v3,7.8
2026-08-18,CVE-2026-72404,Linux,first_score,,,v3,7.8
2026-08-18,CVE-2026-72405,Linux,first_score,,,v3,7.8
2026-08-18,CVE-2026-72406,Linux,first_score,,,v3,7.8
2026-08-18,CVE-2026-72407,Linux,first_score,,,v3,10.0
2026-08-18,CVE-2026-72408,Linux,first_score,,,v3,10.0
2026-08-18,CVE-2026-72409,Linux,first_score,,,v3,7.5
2026-08-18,CVE-2026-72410,Linux,first_score,,,v3,7.8
2026-08-18,CVE-2026-72411,Linux,first_score,,,v3,7.8
2026-08-18,CVE-2026-72412,Linux,first_score,,,v3,9.3
2026-08-18,CVE-2026-72415,Linux,first_score,,,v3,7.1
2026-08-18,CVE-2026-72416,Linux,first_score,,,v3,7.3
2026-08-18,CVE-2026-72417,Linux,first_score,,,v3,9.8
2026-08-18,CVE-2026-72418,Linux,first_score,,,v3,7.5
2026-08-18,CVE-2026-72419,Linux,first_score,,,v3,7.8
2026-08-18,CVE-2026-72420,Linux,first_score,,,v3,8.8
2026-08-18,CVE-2026-72421,Linux,first_score,,,v3,10.0
2026-08-18,CVE-2026-72422,Linux,first_score,,,v3,9.8
2026-08-18,CVE-2026-72423,Linux,first_score,,,v3,8.8
2026-08-18,CVE-2026-72425,Linux,first_score,,,v3,7.1
2026-08-18,CVE-2026-72426,Linux,first_score,,,v3,8.4
2026-08-18,CVE-2026-72427,Linux,first_score,,,v3,7.8
2026-08-18,CVE-2026-72429,Linux,first_score,,,v3,9.8
2026-08-18,CVE-2026-72434,Linux,first_score,,,v3,7.8
2026-08-18,CVE-2026-72435,Linux,first_score,,,v3,7.8
2026-08-18,CVE-2026-72436,Linux,first_score,,,v3,9.8
2026-08-18,CVE-2026-72438,Linux,first_score,,,v3,7.5
2026-08-18,CVE-2026-72440,Linux,first_score,,,v3,7.1
2026-08-18,CVE-2026-72442,Linux,first_score,,,v3,9.8
2026-08-18,CVE-2026-72444,Linux,first_score,,,v3,7.8
2026-08-18,CVE-2026-72446,Linux,first_score,,,v3,7.8
2026-08-18,CVE-2026-72449,Linux,first_score,,,v3,7.8
2026-08-18,CVE-2026-72450,Linux,first_score,,,v3,7.8
2026-08-18,CVE-2026-72451,Linux,first_score,,,v3,9.8
2026-08-18,CVE-2026-72452,Linux,first_score,,,v3,7.8
2026-08-18,CVE-2026-72454,Linux,first_score,,,v3,7.8
2026-08-18,CVE-2026-72455,Linux,first_score,,,v3,7.1
2026-08-18,CVE-2026-72459,Linux,first_score,,,v3,7.8
2026-08-18,CVE-2026-72460,Linux,first_score,,,v3,7.1
2026-08-18,CVE-2026-72461,Linux,first_score,,,v3,7.8
2026-08-18,CVE-2026-72462,Linux,first_score,,,v3,8.8
2026-08-18,CVE-2026-72463,Linux,first_score,,,v3,9.8
2026-08-18,CVE-2026-72464,Linux,first_score,,,v3,7.5
2026-08-18,CVE-2026-72465,Linux,first_score,,,v3,7.5
2026-08-18,CVE-2026-72466,Linux,first_score,,,v3,9.8
2026-08-18,CVE-2026-72469,Linux,first_score,,,v3,8.8
2026-08-18,CVE-2026-72470,Linux,first_score,,,v3,7.8
2026-08-18,CVE-2026-72471,Linux,first_score,,,v3,7.1
2026-08-18,CVE-2026-72472,Linux,first_score,,,v3,9.8
2026-08-18,CVE-2026-72473,Linux,first_score,,,v3,9.8
2026-08-18,CVE-2026-72476,Linux,first_score,,,v3,7.8
2026-08-18,CVE-2026-72477,Linux,first_score,,,v3,9.8
2026-08-18,CVE-2026-72478,Linux,first_score,,,v3,8.4
2026-08-18,CVE-2026-72480,Linux,first_score,,,v3,7.8
2026-08-18,CVE-2026-72482,Linux,first_score,,,v3,7.8
2026-08-18,CVE-2026-72483,Linux,first_score,,,v3,7.8
2026-08-18,CVE-2026-72485,Linux,first_score,,,v3,7.8
2026-08-18,CVE-2026-72487,Linux,first_score,,,v3,7.7
2026-08-18,CVE-2026-72488,Linux,first_score,,,v3,7.8
2026-08-18,CVE-2026-72489,Linux,first_score,,,v3,8.4
2026-08-18,CVE-2026-72491,Linux,first_score,,,v3,9.8
2026-08-18,CVE-2026-72492,Linux,first_score,,,v3,8.8
2026-08-18,CVE-2026-72493,Linux,first_score,,,v3,9.9
2026-08-18,CVE-2026-72494,Linux,first_score,,,v3,9.8
2026-08-18,CVE-2026-72495,Linux,first_score,,,v3,9.3
2026-08-18,CVE-2026-72496,Linux,first_score,,,v3,9.2
2026-08-18,CVE-2026-72497,Linux,first_score,,,v3,8.8
2026-08-18,CVE-2026-72499,Linux,first_score,,,v3,8.8
2026-08-18,CVE-2026-72500,Linux,first_score,,,v3,8.8
2026-08-18,CVE-2026-72502,Linux,first_score,,,v3,7.5
2026-08-18,CVE-2026-74255,Linux,first_score,,,v3,9.8
2026-08-18,CVE-2026-74256,Linux,first_score,,,v3,8.4
2026-08-18,CVE-2026-74257,Linux,first_score,,,v3,7.8
2026-08-18,CVE-2026-74258,Linux,first_score,,,v3,7.8
2026-08-18,CVE-2026-74259,Linux,first_score,,,v3,8.4
2026-08-18,CVE-2026-74260,Linux,first_score,,,v3,7.8
2026-08-18,CVE-2026-74262,Linux,first_score,,,v3,7.8
2026-08-18,CVE-2026-74264,Linux,first_score,,,v3,7.8
2026-08-18,CVE-2026-74267,Linux,first_score,,,v3,9.8
2026-08-18,CVE-2026-74268,Linux,first_score,,,v3,9.8
2026-08-18,CVE-2026-74269,Linux,first_score,,,v3,9.8
2026-08-18,CVE-2026-74270,Linux,first_score,,,v3,7.8
2026-08-18,CVE-2026-74275,Linux,first_score,,,v3,8.4
2026-08-18,CVE-2026-74277,Linux,first_score,,,v3,8.8
2026-08-18,CVE-2026-74279,Linux,first_score,,,v3,10.0
2026-08-18,CVE-2026-74280,Linux,first_score,,,v3,10.0
2026-08-18,CVE-2026-74281,Linux,first_score,,,v3,7.5
2026-08-18,CVE-2026-74282,Linux,first_score,,,v3,7.5
2026-08-18,CVE-2026-74283,Linux,first_score,,,v3,7.8
2026-08-18,CVE-2026-74285,Linux,first_score,,,v3,8.8
2026-08-18,CVE-2026-74287,Linux,first_score,,,v3,9.1
2026-08-18,CVE-2026-74288,Linux,first_score,,,v3,7.8
2026-08-18,CVE-2026-74289,Linux,first_score,,,v3,7.8
2026-08-18,CVE-2026-74292,Linux,first_score,,,v3,7.1
2026-08-18,CVE-2026-74293,Linux,first_score,,,v3,7.8
2026-08-18,CVE-2026-74294,Linux,first_score,,,v3,7.3
2026-08-18,CVE-2026-74295,Linux,first_score,,,v3,7.1
2026-08-18,CVE-2026-74296,Linux,first_score,,,v3,7.8
2026-08-18,CVE-2026-74297,Linux,first_score,,,v3,7.8
2026-08-18,CVE-2026-74300,Linux,first_score,,,v3,8.8
2026-08-18,CVE-2026-74302,Linux,first_score,,,v3,7.8
2026-08-18,CVE-2026-74305,Linux,first_score,,,v3,7.8
2026-08-18,CVE-2026-74306,Linux,first_score,,,v3,7.8
2026-08-18,CVE-2026-74309,Linux,first_score,,,v3,10.0
2026-08-18,CVE-2026-74310,Linux,first_score,,,v3,9.3
2026-08-18,CVE-2026-74311,Linux,first_score,,,v3,7.8
2026-08-18,CVE-2026-74312,Linux,first_score,,,v3,7.8
2026-08-18,CVE-2026-74313,Linux,first_score,,,v3,8.8
2026-08-18,CVE-2026-74314,Linux,first_score,,,v3,7.8
2026-08-18,CVE-2026-74315,Linux,first_score,,,v3,9.8
2026-08-18,CVE-2026-74316,Linux,first_score,,,v3,7.5
2026-08-18,CVE-2026-74317,Linux,first_score,,,v3,7.8
2026-08-18,CVE-2026-74321,Linux,first_score,,,v3,7.5
2026-08-18,CVE-2026-74323,Linux,first_score,,,v3,8.8
2026-08-18,CVE-2026-74325,Linux,first_score,,,v3,7.8
2026-08-18,CVE-2026-74328,Linux,first_score,,,v3,8.8
2026-08-18,CVE-2026-74330,Linux,first_score,,,v3,7.8
2026-08-18,CVE-2026-74332,Linux,first_score,,,v3,8.4
2026-08-18,CVE-2026-74333,Linux,first_score,,,v3,8.4
2026-08-18,CVE-2026-74334,Linux,first_score,,,v3,7.8
2026-08-18,CVE-2026-74338,Linux,first_score,,,v3,7.8
2026-08-18,CVE-2026-74340,Linux,first_score,,,v3,8.1
2026-08-18,CVE-2026-74341,Linux,first_score,,,v3,8.8
2026-08-18,CVE-2026-74343,Linux,first_score,,,v3,7.8
2026-08-18,CVE-2026-74344,Linux,first_score,,,v3,7.8
2026-08-18,CVE-2026-74345,Linux,first_score,,,v3,9.8
2026-08-18,CVE-2026-74347,Linux,first_score,,,v3,7.8
2026-08-18,CVE-2026-74349,Linux,first_score,,,v3,7.1
2026-08-18,CVE-2026-74350,Linux,first_score,,,v3,9.8
2026-08-18,CVE-2026-74354,Linux,first_score,,,v3,7.8
2026-08-18,CVE-2026-74355,Linux,first_score,,,v3,8.2
2026-08-18,CVE-2026-74356,Linux,first_score,,,v3,7.4
2026-08-18,CVE-2026-74357,Linux,first_score,,,v3,7.8
2026-08-18,CVE-2026-74359,Linux,first_score,,,v3,7.8
2026-08-18,CVE-2026-74361,Linux,first_score,,,v3,9.8
2026-08-18,CVE-2026-74363,Linux,first_score,,,v3,7.8
2026-08-18,CVE-2026-74364,Linux,first_score,,,v3,7.1
2026-08-18,CVE-2026-74365,Linux,first_score,,,v3,7.3
2026-08-18,CVE-2026-74367,Linux,first_score,,,v3,7.8
2026-08-18,CVE-2026-74371,Linux,first_score,,,v3,7.8
2026-08-18,CVE-2026-74374,Linux,first_score,,,v3,7.5
2026-08-18,CVE-2026-74376,Linux,first_score,,,v3,9.8
2026-08-18,CVE-2026-74377,Linux,first_score,,,v3,7.8
2026-08-18,CVE-2026-74378,Linux,first_score,,,v3,7.8
2026-08-18,CVE-2026-74380,Linux,first_score,,,v3,8.8
2026-08-18,CVE-2026-74383,Linux,first_score,,,v3,8.4
2026-08-18,CVE-2026-74384,Linux,first_score,,,v3,9.8
2026-08-18,CVE-2026-74385,Linux,first_score,,,v3,7.5
2026-08-18,CVE-2026-74387,Linux,first_score,,,v3,7.8
2026-08-18,CVE-2026-74388,Linux,first_score,,,v3,7.8
2026-08-18,CVE-2026-74390,Linux,first_score,,,v3,7.8
2026-08-18,CVE-2026-74394,Linux,first_score,,,v3,9.8
2026-08-18,CVE-2026-74396,Linux,first_score,,,v3,7.5
2026-08-18,CVE-2026-74397,Linux,first_score,,,v3,7.8
2026-08-18,CVE-2026-74398,Linux,first_score,,,v3,9.8
2026-08-18,CVE-2026-74401,Linux,first_score,,,v3,9.8
2026-08-18,CVE-2026-74403,Linux,first_score,,,v3,7.8
2026-08-18,CVE-2026-74404,Linux,first_score,,,v3,7.8
2026-08-18,CVE-2026-74405,Linux,first_score,,,v3,7.8
2026-08-18,CVE-2026-74406,Linux,first_score,,,v3,9.8
2026-08-18,CVE-2026-74407,Linux,first_score,,,v3,8.8
2026-08-18,CVE-2026-74408,Linux,first_score,,,v3,8.8
2026-08-18,CVE-2026-74409,Linux,first_score,,,v3,8.8
2026-08-18,CVE-2026-74410,Linux,first_score,,,v3,8.1
2026-08-18,CVE-2026-74411,Linux,first_score,,,v3,8.8
2026-08-18,CVE-2026-74412,Linux,first_score,,,v3,8.8
2026-08-18,CVE-2026-74413,Linux,first_score,,,v3,8.8
2026-08-18,CVE-2026-74417,Linux,first_score,,,v3,7.8
2026-08-18,CVE-2026-74419,Linux,first_score,,,v3,7.3
2026-08-18,CVE-2026-74425,Linux,first_score,,,v3,7.5
2026-08-18,CVE-2026-74427,Linux,first_score,,,v3,9.8
2026-08-18,CVE-2026-74428,Linux,first_score,,,v3,9.8
2026-08-18,CVE-2026-74429,Linux,first_score,,,v3,7.5
2026-08-18,CVE-2026-74430,Linux,first_score,,,v3,7.5
2026-08-18,CVE-2026-74431,Linux,first_score,,,v3,7.5
2026-08-18,CVE-2026-74433,Linux,first_score,,,v3,9.8
2026-08-18,CVE-2026-74434,Linux,first_score,,,v3,9.8
2026-08-18,CVE-2026-74435,Linux,first_score,,,v3,7.5
2026-08-18,CVE-2026-74436,Linux,first_score,,,v3,9.8
2026-08-18,CVE-2026-74438,Linux,first_score,,,v3,7.8
2026-08-18,CVE-2026-74439,Linux,first_score,,,v3,9.3
2026-08-18,CVE-2026-74440,Linux,first_score,,,v3,7.8
2026-08-18,CVE-2026-74443,Linux,first_score,,,v3,8.8
2026-08-18,CVE-2026-74444,Linux,first_score,,,v3,7.8
2026-08-18,CVE-2026-74446,Linux,first_score,,,v3,7.8
2026-08-18,CVE-2026-74447,Linux,first_score,,,v3,7.8
2026-08-18,CVE-2026-74449,Linux,first_score,,,v3,7.8
2026-08-18,CVE-2026-74450,Linux,first_score,,,v3,7.8
2026-08-18,CVE-2026-74451,Linux,first_score,,,v3,7.8
2026-08-18,CVE-2026-74452,Linux,first_score,,,v3,7.8
2026-08-18,CVE-2026-74453,Linux,first_score,,,v3,7.8
2026-08-18,CVE-2026-74454,Linux,first_score,,,v3,7.8
2026-08-18,CVE-2026-74456,Linux,first_score,,,v3,7.8
2026-08-18,CVE-2026-74461,Linux,first_score,,,v3,8.4
2026-08-18,CVE-2026-74465,Linux,first_score,,,v3,7.8
2026-08-18,CVE-2026-74467,Linux,first_score,,,v3,7.8
2026-08-18,CVE-2026-74469,Linux,first_score,,,v3,8.8
2026-08-18,CVE-2026-74470,Linux,first_score,,,v3,7.8
2026-08-18,CVE-2026-74471,Linux,first_score,,,v3,7.8
2026-08-18,CVE-2026-74473,Linux,first_score,,,v3,9.8
2026-08-18,CVE-2026-74474,Linux,first_score,,,v3,9.8
2026-08-18,CVE-2026-74475,Linux,first_score,,,v3,10.0
2026-08-18,CVE-2026-74476,Linux,first_score,,,v3,9.1
2026-08-18,CVE-2026-74478,Linux,first_score,,,v3,9.8
2026-08-18,CVE-2026-74479,Linux,first_score,,,v3,7.8
2026-08-18,CVE-2026-74480,Linux,first_score,,,v3,9.8
2026-08-18,CVE-2026-74481,Linux,first_score,,,v3,7.8
2026-08-18,CVE-2026-74482,Linux,first_score,,,v3,7.8
2026-08-18,CVE-2026-74485,Linux,first_score,,,v3,7.1
2026-08-18,CVE-2026-74488,Linux,first_score,,,v3,8.8
2026-08-18,CVE-2026-74489,Linux,first_score,,,v3,8.8
2026-08-18,CVE-2026-74490,Linux,first_score,,,v3,8.8
2026-08-18,CVE-2026-74492,Linux,first_score,,,v3,8.4
2026-08-18,CVE-2026-74493,Linux,first_score,,,v3,9.8
2026-08-18,CVE-2026-74495,Linux,first_score,,,v3,9.8
2026-08-18,CVE-2026-74496,Linux,first_score,,,v3,7.8
2026-08-18,CVE-2026-74497,Linux,first_score,,,v3,8.4
2026-08-18,CVE-2026-74503,Linux,first_score,,,v3,7.8
2026-08-18,CVE-2026-74506,Linux,first_score,,,v3,7.8
2026-08-18,CVE-2026-74507,Linux,first_score,,,v3,7.1
2026-08-18,CVE-2026-74508,Linux,first_score,,,v3,8.8
2026-08-18,CVE-2026-74509,Linux,first_score,,,v3,8.8
2026-08-18,CVE-2026-74510,Linux,first_score,,,v3,7.8
2026-08-18,CVE-2026-74511,Linux,first_score,,,v3,7.8
2026-08-18,CVE-2026-74512,Linux,first_score,,,v3,7.8
2026-08-18,CVE-2026-74513,Linux,first_score,,,v3,7.8
2026-08-18,CVE-2026-74515,Linux,first_score,,,v3,8.8
2026-08-18,CVE-2026-74516,Linux,first_score,,,v3,8.2
2026-08-18,CVE-2026-74517,Linux,first_score,,,v3,9.3
2026-08-18,CVE-2026-74518,Linux,first_score,,,v3,7.8
2026-08-18,CVE-2026-74519,Linux,first_score,,,v3,7.8
2026-08-18,CVE-2026-74520,Linux,first_score,,,v3,8.8
2026-08-18,CVE-2026-74521,Linux,first_score,,,v3,9.1
2026-08-18,CVE-2026-74522,Linux,first_score,,,v3,8.8
2026-08-18,CVE-2026-74523,Linux,first_score,,,v3,7.5
2026-08-18,CVE-2026-74527,Linux,first_score,,,v3,8.8
2026-08-18,CVE-2026-74528,Linux,first_score,,,v3,8.0
2026-08-18,CVE-2026-74529,Linux,first_score,,,v3,7.8
2026-08-18,CVE-2026-74530,Linux,first_score,,,v3,8.8
2026-08-18,CVE-2026-74531,Linux,first_score,,,v3,8.8
2026-08-18,CVE-2026-74533,Linux,first_score,,,v3,8.8
2026-08-18,CVE-2026-74534,Linux,first_score,,,v3,8.8
2026-08-18,CVE-2026-74535,Linux,first_score,,,v3,8.8
2026-08-18,CVE-2026-74537,Linux,first_score,,,v3,8.8
2026-08-18,CVE-2026-74538,Linux,first_score,,,v3,8.8
2026-08-18,CVE-2026-74539,Linux,first_score,,,v3,8.0
2026-08-18,CVE-2026-74540,Linux,first_score,,,v3,8.8
2026-08-18,CVE-2026-74541,Linux,first_score,,,v3,8.8
2026-08-18,CVE-2026-74544,Linux,first_score,,,v3,7.8
2026-08-18,CVE-2026-74545,Linux,first_score,,,v3,9.8
2026-08-18,CVE-2026-74548,Linux,first_score,,,v3,7.8
2026-08-18,CVE-2026-74549,Linux,first_score,,,v3,7.8
2026-08-18,CVE-2026-74550,Linux,first_score,,,v3,7.5
2026-08-18,CVE-2026-74551,Linux,first_score,,,v3,7.8
2026-08-18,CVE-2026-74554,Linux,first_score,,,v3,8.8
2026-08-18,CVE-2026-74556,Linux,first_score,,,v3,9.8
2026-08-18,CVE-2026-74557,Linux,first_score,,,v3,7.5
2026-08-18,CVE-2026-74561,Linux,first_score,,,v3,8.8
2026-08-18,CVE-2026-74562,Linux,first_score,,,v3,8.8
2026-08-18,CVE-2026-74563,Linux,first_score,,,v3,7.8
2026-08-18,CVE-2026-74564,Linux,first_score,,,v3,7.1
2026-08-18,CVE-2026-74565,Linux,first_score,,,v3,7.8
2026-08-18,CVE-2026-74567,Linux,first_score,,,v3,7.1
2026-08-18,CVE-2026-74568,Linux,first_score,,,v3,9.3
2026-08-18,CVE-2026-74569,Linux,first_score,,,v3,9.8
2026-08-18,CVE-2026-74570,Linux,first_score,,,v3,9.8
2026-08-18,CVE-2026-74572,Linux,first_score,,,v3,7.5
2026-08-18,CVE-2026-74573,Linux,first_score,,,v3,9.3
2026-08-18,CVE-2026-74574,Linux,first_score,,,v3,7.8
2026-08-18,CVE-2026-74575,Linux,first_score,,,v3,8.8
2026-08-18,CVE-2026-74576,Linux,first_score,,,v3,7.5
2026-08-18,CVE-2026-74578,Linux,first_score,,,v3,7.1
2026-08-19,CVE-2026-73669,cisa-cg,rescore,v4,5.3,v4,6.9
2026-08-20,CVE-2020-0909,microsoft,first_score,,,v3,7.5
2026-08-20,CVE-2020-0963,microsoft,first_score,,,v3,5.5
2026-08-20,CVE-2020-1010,microsoft,first_score,,,v3,7.8
2026-08-20,CVE-2020-1021,microsoft,first_score,,,v3,7.8
2026-08-20,CVE-2020-1028,microsoft,first_score,,,v3,7.8
2026-08-20,CVE-2020-1035,microsoft,first_score,,,v3,7.5
2026-08-20,CVE-2020-1037,microsoft,first_score,,,v3,4.2
2026-08-20,CVE-2020-1048,microsoft,first_score,,,v3,7.8
2026-08-20,CVE-2020-1051,microsoft,first_score,,,v3,7.8
2026-08-20,CVE-2020-1054,microsoft,first_score,,,v3,7.0
2026-08-20,CVE-2020-1055,microsoft,first_score,,,v3,5.5
2026-08-20,CVE-2020-1056,microsoft,first_score,,,v3,5.4
2026-08-20,CVE-2020-1058,microsoft,first_score,,,v3,7.5
2026-08-20,CVE-2020-1059,microsoft,first_score,,,v3,4.3
2026-08-20,CVE-2020-1060,microsoft,first_score,,,v3,7.5
2026-08-20,CVE-2020-1061,microsoft,first_score,,,v3,7.5
2026-08-20,CVE-2020-1062,microsoft,first_score,,,v3,7.5
2026-08-20,CVE-2020-1064,microsoft,first_score,,,v3,7.5
2026-08-20,CVE-2020-1065,microsoft,first_score,,,v3,4.2
2026-08-20,CVE-2020-1067,microsoft,first_score,,,v3,7.8
2026-08-20,CVE-2020-1068,microsoft,first_score,,,v3,7.8
2026-08-20,CVE-2020-1070,microsoft,first_score,,,v3,7.8
2026-08-20,CVE-2020-1071,microsoft,first_score,,,v3,6.8
2026-08-20,CVE-2020-1072,microsoft,first_score,,,v3,5.5
2026-08-20,CVE-2020-1075,microsoft,first_score,,,v3,5.5
2026-08-20,CVE-2020-1076,microsoft,first_score,,,v3,5.5
2026-08-20,CVE-2020-1077,microsoft,first_score,,,v3,7.8
2026-08-20,CVE-2020-1078,microsoft,first_score,,,v3,7.8
2026-08-20,CVE-2020-1079,microsoft,first_score,,,v3,7.8
2026-08-20,CVE-2020-1081,microsoft,first_score,,,v3,7.8
2026-08-20,CVE-2020-1082,microsoft,first_score,,,v3,7.8
2026-08-20,CVE-2020-1084,microsoft,first_score,,,v3,5.5
2026-08-20,CVE-2020-1086,microsoft,first_score,,,v3,7.8
2026-08-20,CVE-2020-1087,microsoft,first_score,,,v3,7.8
2026-08-20,CVE-2020-1088,microsoft,first_score,,,v3,7.8
2026-08-20,CVE-2020-1090,microsoft,first_score,,,v3,7.8
2026-08-20,CVE-2020-1092,microsoft,first_score,,,v3,7.5
2026-08-20,CVE-2020-1093,microsoft,first_score,,,v3,7.5
2026-08-20,CVE-2020-1096,microsoft,first_score,,,v3,4.2
2026-08-20,CVE-2020-1109,microsoft,first_score,,,v3,7.8
2026-08-20,CVE-2020-1110,microsoft,first_score,,,v3,7.8
2026-08-20,CVE-2020-1111,microsoft,first_score,,,v3,7.8
2026-08-20,CVE-2020-1112,microsoft,first_score,,,v3,8.5
2026-08-20,CVE-2020-1113,microsoft,first_score,,,v3,5.3
2026-08-20,CVE-2020-1114,microsoft,first_score,,,v3,7.8
2026-08-20,CVE-2020-1116,microsoft,first_score,,,v3,5.5
2026-08-20,CVE-2020-1117,microsoft,first_score,,,v3,8.8
2026-08-20,CVE-2020-1118,microsoft,first_score,,,v3,8.6
2026-08-20,CVE-2020-1121,microsoft,first_score,,,v3,7.0
2026-08-20,CVE-2020-1123,microsoft,first_score,,,v3,5.5
2026-08-20,CVE-2020-1124,microsoft,first_score,,,v3,7.8
2026-08-20,CVE-2020-1125,microsoft,first_score,,,v3,7.0
2026-08-20,CVE-2020-1126,microsoft,first_score,,,v3,8.8
2026-08-20,CVE-2020-1131,microsoft,first_score,,,v3,5.5
2026-08-20,CVE-2020-1132,microsoft,first_score,,,v3,7.0
2026-08-20,CVE-2020-1134,microsoft,first_score,,,v3,7.8
2026-08-20,CVE-2020-1135,microsoft,first_score,,,v3,7.8
2026-08-20,CVE-2020-1136,microsoft,first_score,,,v3,7.8
2026-08-20,CVE-2020-1137,microsoft,first_score,,,v3,7.8
2026-08-20,CVE-2020-1138,microsoft,first_score,,,v3,7.0
2026-08-20,CVE-2020-1139,microsoft,first_score,,,v3,7.8
2026-08-20,CVE-2020-1140,microsoft,first_score,,,v3,7.8
2026-08-20,CVE-2020-1141,microsoft,first_score,,,v3,5.5
2026-08-20,CVE-2020-1142,microsoft,first_score,,,v3,7.8
2026-08-20,CVE-2020-1143,microsoft,first_score,,,v3,7.0
2026-08-20,CVE-2020-1144,microsoft,first_score,,,v3,7.8
2026-08-20,CVE-2020-1145,microsoft,first_score,,,v3,5.5
2026-08-20,CVE-2020-1149,microsoft,first_score,,,v3,7.0
2026-08-20,CVE-2020-1150,microsoft,first_score,,,v3,7.8
2026-08-20,CVE-2020-1151,microsoft,first_score,,,v3,7.0
2026-08-20,CVE-2020-1153,microsoft,first_score,,,v3,7.8
2026-08-20,CVE-2020-1154,microsoft,first_score,,,v3,7.8
2026-08-20,CVE-2020-1155,microsoft,first_score,,,v3,7.8
2026-08-20,CVE-2020-1156,microsoft,first_score,,,v3,7.8
2026-08-20,CVE-2020-1157,microsoft,first_score,,,v3,7.8
2026-08-20,CVE-2020-1158,microsoft,first_score,,,v3,7.8
2026-08-20,CVE-2020-1164,microsoft,first_score,,,v3,7.0
2026-08-20,CVE-2020-1165,microsoft,first_score,,,v3,7.8
2026-08-20,CVE-2020-1166,microsoft,first_score,,,v3,7.8
2026-08-20,CVE-2020-1174,microsoft,first_score,,,v3,7.8
2026-08-20,CVE-2020-1175,microsoft,first_score,,,v3,7.8
2026-08-20,CVE-2020-1176,microsoft,first_score,,,v3,7.8
2026-08-20,CVE-2020-1184,microsoft,first_score,,,v3,7.8
2026-08-20,CVE-2020-1185,microsoft,first_score,,,v3,7.8
2026-08-20,CVE-2020-1186,microsoft,first_score,,,v3,7.8
2026-08-20,CVE-2020-1187,microsoft,first_score,,,v3,7.8
2026-08-20,CVE-2020-1188,microsoft,first_score,,,v3,7.8
2026-08-20,CVE-2020-1189,microsoft,first_score,,,v3,7.8
2026-08-20,CVE-2020-1190,microsoft,first_score,,,v3,7.8
2026-08-20,CVE-2020-1191,microsoft,first_score,,,v3,7.8
2026-08-20,CVE-2020-1195,microsoft,first_score,,,v3,3.1
